Datetime,Tag,Tweet_id,image_name,image_urls,decode_url
2022-07-27 03:10:51+00:00,#Crypto,1552129362283188224,FYpFbdpXoAM_uHT,https://pbs.twimg.com/media/FYpFbdpXoAM_uHT?format=jpg&name=large,https://bingx.com/invite/BLLW2D
2022-07-27 03:01:09+00:00,#Crypto,1552126919373881344,FYpDNLMaUAAFrJm,https://pbs.twimg.com/media/FYpDNLMaUAAFrJm?format=jpg&name=large,https://u.wechat.com/MDVfyfCPZPIM2bLDcufBZ38
2022-07-27 02:58:44+00:00,#Crypto,1552126311035850753,FYpCpk1XoAcd2aV,https://pbs.twimg.com/media/FYpCpk1XoAcd2aV?format=jpg&name=large,https://www.binance.com/en/futures/ref/CNIJEZBCN
2022-07-27 02:52:08+00:00,#Crypto,1552124651953741825,FXmFOTHWIAAzrAt,https://pbs.twimg.com/media/FXmFOTHWIAAzrAt?format=jpg&name=large,https://www.binance.com/en/futures/ref/183612180
2022-07-27 02:51:27+00:00,#Crypto,1552124480142528512,FShnHfTXMAAsTWg,https://pbs.twimg.com/media/FShnHfTXMAAsTWg?format=jpg&name=large,https://www.binance.me/en/futures/ref/183612180
2022-07-27 02:51:16+00:00,#Crypto,1552124432654614529,FSXwwz4XIAEATxu,https://pbs.twimg.com/media/FSXwwz4XIAEATxu?format=jpg&name=large,https://www.binance.me/en/futures/ref/183612180
2022-07-27 02:51:01+00:00,#Crypto,1552124368754397184,FR2mlyzXIAEHilD,https://pbs.twimg.com/media/FR2mlyzXIAEHilD?format=jpg&name=large,https://www.binance.me/en/futures/ref/183612180
2022-07-27 02:49:29+00:00,#Crypto,1552123985369763840,FYpAhwOUsAEiDcx,https://pbs.twimg.com/media/FYpAhwOUsAEiDcx?format=jpg&name=large,https://h5.bitget.com/vhtml/register?languageType=0&commonCode=G94MAZYD
2022-07-27 02:22:28+00:00,#Crypto,1552117183563681795,FYo6BRnWYAApuWH,https://pbs.twimg.com/media/FYo6BRnWYAApuWH?format=jpg&name=large,356000978562124129
2022-07-27 02:22:28+00:00,#Crypto,1552117183563681795,FYo6BRnWYAApuWH,https://pbs.twimg.com/media/FYo6BRnWYAApuWH?format=jpg&name=large,356056671107125629
2022-07-27 02:22:28+00:00,#Crypto,1552117183563681795,FYo6BRnWYAApuWH,https://pbs.twimg.com/media/FYo6BRnWYAApuWH?format=jpg&name=large,356005090178120429
2022-07-27 02:22:28+00:00,#Crypto,1552117183563681795,FYo6BRnWYAApuWH,https://pbs.twimg.com/media/FYo6BRnWYAApuWH?format=jpg&name=large,356034370690121929
2022-07-27 02:22:28+00:00,#Crypto,1552117183563681795,FYo6BRnWYAApuWH,https://pbs.twimg.com/media/FYo6BRnWYAApuWH?format=jpg&name=large,356051213186122529
2022-07-27 02:22:28+00:00,#Crypto,1552117183563681795,FYo6BRnWYAApuWH,https://pbs.twimg.com/media/FYo6BRnWYAApuWH?format=jpg&name=large,336834127329
2022-07-27 02:22:28+00:00,#Crypto,1552117183563681795,FYo6BRnWYAApuWH,https://pbs.twimg.com/media/FYo6BRnWYAApuWH?format=jpg&name=large,356040089731126229
2022-07-27 02:22:28+00:00,#Crypto,1552117183563681795,FYo6BRnWYAApuWH,https://pbs.twimg.com/media/FYo6BRnWYAApuWH?format=jpg&name=large,4834126029
2022-07-27 02:01:36+00:00,#Crypto,1552111932932784128,FYo1j7XUIAA-RRl,https://pbs.twimg.com/media/FYo1j7XUIAA-RRl?format=jpg&name=large,https://u.wechat.com/EJtLWOTp34W79xU3QbNkgfs
2022-07-27 01:54:16+00:00,#Crypto,1552110088831537153,FYoz5KSaQAAeVrO,https://pbs.twimg.com/media/FYoz5KSaQAAeVrO?format=jpg&name=large,https://www.ouyi.business/join/1918874?src=from%3Aandroid-share_type%3Akline
2022-07-27 01:52:09+00:00,#Crypto,1552109555278315521,FYozaM5aIAAYzfj,https://pbs.twimg.com/media/FYozaM5aIAAYzfj?format=jpg&name=large,https://apps.apple.com/ca/app/7starpay/id1571496540
2022-07-27 00:32:47+00:00,#Crypto,1552089581801324544,FYohM7MacAEiuhH,https://pbs.twimg.com/media/FYohM7MacAEiuhH?format=jpg&name=large,https://www.binance.com/en/qr/dplkf3e7aadeb21d4541b4006a0c0c49647d
2022-07-26 23:52:57+00:00,#Crypto,1552079559268368386,FYoYIbMXkAAjaB6,https://pbs.twimg.com/media/FYoYIbMXkAAjaB6?format=jpg&name=large,https://www.binance.me/en/futures/ref/216695963
2022-07-26 23:25:27+00:00,#Crypto,1552072637056253953,FYoLztrWIAE4pFs,https://pbs.twimg.com/media/FYoLztrWIAE4pFs?format=jpg&name=large,https://www.binance.me/en/qr/dplk-usltca4519ddc24a4fba829d65adaee68f9a
2022-07-26 23:25:14+00:00,#Crypto,1552072583763431425,FYoRjR4WIAEmVwx,https://pbs.twimg.com/media/FYoRjR4WIAEmVwx?format=jpg&name=large,https://me-qr.com/H2uA3L
2022-07-26 23:18:50+00:00,#Crypto,1552070970978050051,FYoQUnuWAAAQOjf,https://pbs.twimg.com/media/FYoQUnuWAAAQOjf?format=jpg&name=large,http://bit.ly/3RysxM5?r=qr
2022-07-26 23:09:20+00:00,#Crypto,1552068580014899200,FYoOJUfWQAA7eK8,https://pbs.twimg.com/media/FYoOJUfWQAA7eK8?format=jpg&name=large,https://bybit.com/en-US/invite?ref=RP1p2O
2022-07-26 23:01:05+00:00,#Crypto,1552066505990623232,FYoMQdQVEAAnPxP,https://pbs.twimg.com/media/FYoMQdQVEAAnPxP?format=jpg&name=large,https://u.wechat.com/EJtLWOTp34W79xU3QbNkgfs
2022-07-26 22:14:07+00:00,#Crypto,1552054687003824129,FYoBgydWIAAbimK,https://pbs.twimg.com/media/FYoBgydWIAAbimK?format=jpg&name=large,https://bybit.com/en-US/invite?ref=jqrpvW
2022-07-26 21:41:35+00:00,#Crypto,1552046496417476608,FYn6DBpUcAEQfAs,https://pbs.twimg.com/media/FYn6DBpUcAEQfAs?format=jpg&name=large,https://u.wechat.com/EJtLWOTp34W79xU3QbNkgfs
2022-07-26 20:55:01+00:00,#Crypto,1552034779377418242,FYnvWlxWQAE0oHI,https://pbs.twimg.com/media/FYnvWlxWQAE0oHI?format=jpg&name=large,0xb99fEA319C9A690815076a9b0e4d1D8Cc47aC071
2022-07-26 20:55:01+00:00,#Crypto,1552034779377418242,FYnvWlxWQAE0oHI,https://pbs.twimg.com/media/FYnvWlxWQAE0oHI?format=jpg&name=large,12v6zsKLMNH72G3q5BbKjUEwGfJJ5wnsXb
2022-07-26 20:12:46+00:00,#Crypto,1552024146548117506,FYnlvJhUUAEqxRy,https://pbs.twimg.com/media/FYnlvJhUUAEqxRy?format=jpg&name=large,https://www.flooz.trade/
2022-07-26 20:01:10+00:00,#Crypto,1552021229640773632,FYnjFN5acAA54EY,https://pbs.twimg.com/media/FYnjFN5acAA54EY?format=jpg&name=large,https://u.wechat.com/MDVfyfCPZPIM2bLDcufBZ38
2022-07-26 19:45:56+00:00,#Crypto,1552017392154251264,FYnflrlUcAAuInD,https://pbs.twimg.com/media/FYnflrlUcAAuInD?format=jpg&name=large,ethereum:0xc4669a3804a5d817e5afaf2656f9743f8a3a4e59
2022-07-26 19:40:31+00:00,#Crypto,1552016032579076096,FYneW2pXoAAKq4v,https://pbs.twimg.com/media/FYneW2pXoAAKq4v?format=jpg&name=large,https://summitswap.finance/#/swap?output=0x8094e772fA4A60bdEb1DfEC56AB040e17DD608D5&ref=0x15d1645C61d371d1Afd878580cE3d7816E095770
2022-07-26 19:32:01+00:00,#Crypto,1552013891957563392,FYncZqZakAAF-9q,https://pbs.twimg.com/media/FYncZqZakAAF-9q?format=jpg&name=large,https://bybit.com/es-ES/invite?ref=g5M68D
2022-07-26 19:26:11+00:00,#Crypto,1552012424554979363,FYnbEhnXgAIsVml,https://pbs.twimg.com/media/FYnbEhnXgAIsVml?format=jpg&name=large,https://sphynxlabs.co/app/
2022-07-26 19:21:10+00:00,#Crypto,1552011161314492416,FYnZ643WIAsFYrB,https://pbs.twimg.com/media/FYnZ643WIAsFYrB?format=jpg&name=large,https://dsc.gg/sphynxlabs
2022-07-26 19:19:17+00:00,#Crypto,1552010686447980547,FYnZfiXX0AMBuYC,https://pbs.twimg.com/media/FYnZfiXX0AMBuYC?format=jpg&name=large,https://sphynxlabs.co/app/
2022-07-26 19:13:21+00:00,#Crypto,1552009195125444610,FYnYDWlWYAAKCG6,https://pbs.twimg.com/media/FYnYDWlWYAAKCG6?format=jpg&name=large,https://qrcodes.pro/2kwKvz
2022-07-26 18:14:55+00:00,#Crypto,1551994490243923968,FYnKwVSagAAtEjL,https://pbs.twimg.com/media/FYnKwVSagAAtEjL?format=jpg&name=large,https://www.binance.me/en/futures/ref/142805814
2022-07-26 18:12:10+00:00,#Crypto,1551993797386682375,FYnJ4sUXwAcDLph,https://pbs.twimg.com/media/FYnJ4sUXwAcDLph?format=jpg&name=large,https://www.okx.com/join/73693169?src=from:ios-share
2022-07-26 17:50:03+00:00,#Crypto,1551988231268614145,FYnFEW8UcAAeiGa,https://pbs.twimg.com/media/FYnFEW8UcAAeiGa?format=jpg&name=large,https://u.wechat.com/MDVfyfCPZPIM2bLDcufBZ38
2022-07-26 17:39:42+00:00,#Crypto,1551985624407744512,FYnCsr1X0AAS2cF,https://pbs.twimg.com/media/FYnCsr1X0AAS2cF?format=jpg&name=large,https://bybit.com/en-US/invite?ref=ojDy4z
2022-07-26 17:22:52+00:00,#Crypto,1551981391327412226,FYm9sRXWQAEdeZG,https://pbs.twimg.com/media/FYm9sRXWQAEdeZG?format=jpg&name=large,app://www.binance-electron.com/en/futures/ref/211768950
2022-07-26 16:55:23+00:00,#Crypto,1551974475628953601,FYm4jtKWQAAmQ4w,https://pbs.twimg.com/media/FYm4jtKWQAAmQ4w?format=jpg&name=large,https://www.eventbrite.com/o/nftuesdays-47793095083
2022-07-26 16:16:57+00:00,#Crypto,1551964799847866370,FYmvwKdXwAAckc3,https://pbs.twimg.com/media/FYmvwKdXwAAckc3?format=png&name=large,https://qrco.de/bdCUdV
2022-07-26 16:03:03+00:00,#Crypto,1551961304071634948,FYmslBMXgAEI_CF,https://pbs.twimg.com/media/FYmslBMXgAEI_CF?format=jpg&name=large,https://areaa.org/
2022-07-26 15:33:44+00:00,#Crypto,1551953927943471108,FYml3whXEAA-GqE,https://pbs.twimg.com/media/FYml3whXEAA-GqE?format=jpg&name=large,https://sphynxlabs.co/app/
2022-07-26 15:13:05+00:00,#Crypto,1551948730126958594,FYmhJM-XwAIs220,https://pbs.twimg.com/media/FYmhJM-XwAIs220?format=jpg&name=large,https://www.binance.me/en/futures/ref/107734385
2022-07-26 15:09:10+00:00,#Crypto,1551947742028652546,FYmgPjVXwAIUdDk,https://pbs.twimg.com/media/FYmgPjVXwAIUdDk?format=jpg&name=large,https://h5.bitget.com/vhtml/register?languageType=0&commonCode=VKUFAPXV
2022-07-26 14:59:14+00:00,#Crypto,1551945243821387776,FYmd-VZX0AEZLXU,https://pbs.twimg.com/media/FYmd-VZX0AEZLXU?format=jpg&name=large,https://www.binance.me/en/futures/ref/208761381
2022-07-26 14:52:33+00:00,#Crypto,1551943562660483072,FYmcbweXoAAfWEG,https://pbs.twimg.com/media/FYmcbweXoAAfWEG?format=jpg&name=large,https://futures.kucoin.com/h5?rcode=rJ98B9D&utm_source=AppShare&lang=en_US
2022-07-26 14:51:44+00:00,#Crypto,1551943357949427713,FYmcQBIaQAALBam,https://pbs.twimg.com/media/FYmcQBIaQAALBam?format=jpg&name=large,https://h5.bitget.com/vhtml/register?languageType=0&channelCode=Sae&vipCode=sgac
2022-07-26 14:42:05+00:00,#Crypto,1551940927765286912,FYmaDGfWIAULalT,https://pbs.twimg.com/media/FYmaDGfWIAULalT?format=jpg&name=large,https://www.binance.me/en/futures/ref/208761381
2022-07-26 14:40:59+00:00,#Crypto,1551940652459446273,FYmOT_BXEAAkZSa,https://pbs.twimg.com/media/FYmOT_BXEAAkZSa?format=jpg&name=large,https://www.binance.com/en/futures/ref/38325199
2022-07-26 14:39:00+00:00,#Crypto,1551940150434865154,FYmZVbKXEAApNcL,https://pbs.twimg.com/media/FYmZVbKXEAApNcL?format=jpg&name=large,https://sphynxlabs.co/app/
2022-07-26 14:37:58+00:00,#Crypto,1551939892808015872,FYmZGy7WAAEqOnL,https://pbs.twimg.com/media/FYmZGy7WAAEqOnL?format=jpg&name=large,https://www.binance.me/en/futures/ref/208761381
2022-07-26 14:37:19+00:00,#Crypto,1551939727296954368,FYmY2qMaQAEpLUz,https://pbs.twimg.com/media/FYmY2qMaQAEpLUz?format=jpg&name=large,https://bybit.com/en-US/invite?ref=BPnrnk
2022-07-26 14:35:16+00:00,#Crypto,1551939211191734273,FYmYfN0XwAAPCW0,https://pbs.twimg.com/media/FYmYfN0XwAAPCW0?format=jpg&name=large,https://www.binance.com/en/futures/ref/114775648
2022-07-26 14:33:09+00:00,#Crypto,1551938681661014017,FYmYAXjXwAAAn09,https://pbs.twimg.com/media/FYmYAXjXwAAAn09?format=jpg&name=large,https://www.binance.me/en/futures/ref/208761381
2022-07-26 14:01:52+00:00,#Crypto,1551930805777203203,FYmQXDYWIAAg_gZ,https://pbs.twimg.com/media/FYmQXDYWIAAg_gZ?format=jpg&name=large,https://x2tsla.com/
2022-07-26 13:56:44+00:00,#Crypto,1551929516314005505,FYmPqwXXwAM95GA,https://pbs.twimg.com/media/FYmPqwXXwAM95GA?format=jpg&name=large,https://referral.g-dragon.club
2022-07-26 13:56:44+00:00,#Crypto,1551929516314005505,FYmPqwXXwAM95GA,https://pbs.twimg.com/media/FYmPqwXXwAM95GA?format=jpg&name=large,https://t.me/Gangsterdragon
2022-07-26 13:51:13+00:00,#Crypto,1551928127395434497,FYmOYsFWYAQDCY-,https://pbs.twimg.com/media/FYmOYsFWYAQDCY-?format=jpg&name=large,https://www.binance.me/en/futures/ref/99262115
2022-07-26 13:48:53+00:00,#Crypto,1551927537739128832,FYmN20xXoAARJcL,https://pbs.twimg.com/media/FYmN20xXoAARJcL?format=jpg&name=large,https://www.bitkeep.com
2022-07-26 13:47:29+00:00,#Crypto,1551927186076143618,FYmNjI0X0AQnfyI,https://pbs.twimg.com/media/FYmNjI0X0AQnfyI?format=jpg&name=large,https://bybit.com/en-US/invite?ref=RP1p2O
2022-07-26 13:46:08+00:00,#Crypto,1551926847419682820,FYmNOGsWYAg0aJ6,https://pbs.twimg.com/media/FYmNOGsWYAg0aJ6?format=jpg&name=large,https://www.binance.me/en/download
2022-07-26 13:44:11+00:00,#Crypto,1551926358691180544,FYmMyx5aAAAFHMy,https://pbs.twimg.com/media/FYmMyx5aAAAFHMy?format=jpg&name=large,https://stepn.com
2022-07-26 13:29:02+00:00,#Crypto,1551922542616711177,FYmJU8SWIAEze-R,https://pbs.twimg.com/media/FYmJU8SWIAEze-R?format=jpg&name=large,https://t.me/LBank_en
2022-07-26 13:13:08+00:00,#Crypto,1551918543452733440,FYmFsA0XoAAY3hl,https://pbs.twimg.com/media/FYmFsA0XoAAY3hl?format=jpg&name=large,https://h5.bitget.com/vhtml/register?languageType=0&commonCode=JC45AC7L
2022-07-26 13:11:44+00:00,#Crypto,1551918190183477249,FYmFSpWagAAbKfg,https://pbs.twimg.com/media/FYmFSpWagAAbKfg?format=jpg&name=large,https://bybit.com/en-US/invite?ref=5QZ7gZ
2022-07-26 13:01:45+00:00,#Crypto,1551915676906176512,FYmDB47aUAAEulm,https://pbs.twimg.com/media/FYmDB47aUAAEulm?format=jpg&name=large,https://bybit.com/en-US/invite?ref=5QZ7gZ
2022-07-26 13:00:43+00:00,#Crypto,1551915417182289920,FYmCvtfaUAMtpwI,https://pbs.twimg.com/media/FYmCvtfaUAMtpwI?format=jpg&name=large,https://bybit.com/en-US/invite?ref=5QZ7gZ
2022-07-26 13:00:00+00:00,#Crypto,1551915237137231872,FYi5pWSWQAIj-n-,https://pbs.twimg.com/media/FYi5pWSWQAIj-n-?format=jpg&name=large,https://www.assuredefi.io/#connect
2022-07-26 12:32:30+00:00,#Crypto,1551908316338462720,FYl8YKXWQAE5Av3,https://pbs.twimg.com/media/FYl8YKXWQAE5Av3?format=jpg&name=large,https://h5.bitget.com/vhtml/register?languageType=0&channelCode=SunTzu&vipCode=z7cn
2022-07-26 12:26:46+00:00,#Crypto,1551906875284897792,FYl7E7hXoAIxhI9,https://pbs.twimg.com/media/FYl7E7hXoAIxhI9?format=jpg&name=large,https://www.kucoin.com/r/rf/rJP8CM6
2022-07-26 12:24:24+00:00,#Crypto,1551906277395075072,FYl6hsUXkAIc50Q,https://pbs.twimg.com/media/FYl6hsUXkAIc50Q?format=jpg&name=large,https://bybit.com/en-US/invite?ref=j29lM5
2022-07-26 12:15:28+00:00,#Crypto,1551904031068413952,FYl4fdlWYAAehj-,https://pbs.twimg.com/media/FYl4fdlWYAAehj-?format=jpg&name=large,https://www.binance.me/en/futures/ref/107734385
2022-07-26 12:11:30+00:00,#Crypto,1551903031565815809,FYl3lRHXwAEKeXR,https://pbs.twimg.com/media/FYl3lRHXwAEKeXR?format=jpg&name=large,https://www.binance.me/en/futures/ref/74226252
2022-07-26 12:10:35+00:00,#Crypto,1551902802598711297,FYl3X12VUAACbpW,https://pbs.twimg.com/media/FYl3X12VUAACbpW?format=jpg&name=large,https://bybit.com/en-US/invite?ref=3lwNAA
2022-07-26 11:55:43+00:00,#Crypto,1551899060059226114,FYlz-JFXwAAHDeK,https://pbs.twimg.com/media/FYlz-JFXwAAHDeK?format=jpg&name=large,https://t.me/LBank_en
2022-07-26 11:51:51+00:00,#Crypto,1551898085487693824,FYlzEoOaQAYsR-c,https://pbs.twimg.com/media/FYlzEoOaQAYsR-c?format=jpg&name=large,https://bybit.com/en-US/invite?ref=QWEMAY
2022-07-26 11:41:53+00:00,#Crypto,1551895577855770626,FYlwtfRWAAEF24c,https://pbs.twimg.com/media/FYlwtfRWAAEF24c?format=jpg&name=large,https://fcfpay.com/merchants/?ref=42815697
2022-07-26 11:41:13+00:00,#Crypto,1551895411207688192,FYluPhWX0AA4Y8Q,https://pbs.twimg.com/media/FYluPhWX0AA4Y8Q?format=jpg&name=large,https://fcfpay.com/merchants/?ref=42815697
2022-07-26 10:41:58+00:00,#Crypto,1551880501275017216,FYljFltVQAIpDYv,https://pbs.twimg.com/media/FYljFltVQAIpDYv?format=jpg&name=large,https://u.wechat.com/EJtLWOTp34W79xU3QbNkgfs
2022-07-26 10:39:02+00:00,#Crypto,1551879763136229376,FYliaiTaQAA_V3E,https://pbs.twimg.com/media/FYliaiTaQAA_V3E?format=jpg&name=large,https://www.binance.me/en/futures/ref/96462553
2022-07-26 10:31:05+00:00,#Crypto,1551877761358331906,FYlgloIXEAMQP5U,https://pbs.twimg.com/media/FYlgloIXEAMQP5U?format=jpg&name=large,https://sphynxlabs.co/app/
2022-07-26 10:29:40+00:00,#Crypto,1551877405010063360,FYlgPkXUYAAtWUG,https://pbs.twimg.com/media/FYlgPkXUYAAtWUG?format=jpg&name=large,https://moonfit.page.link/referral?code=1799404&referrer_code=1799404
2022-07-26 10:00:01+00:00,#Crypto,1551869943062269954,FYlA2ZYUIAEPvMU,https://pbs.twimg.com/media/FYlA2ZYUIAEPvMU?format=jpg&name=large,https://chat.whatsapp.com/C15VBhlJCI0JQe7VKsodpH
2022-07-26 10:00:01+00:00,#Crypto,1551869943062269954,FYlA2ZYUIAEPvMU,https://pbs.twimg.com/media/FYlA2ZYUIAEPvMU?format=jpg&name=large,https://t.me/momoearnofficial
2022-07-26 09:48:26+00:00,#Crypto,1551867028335742977,FYlW1TDX0AAYzsL,https://pbs.twimg.com/media/FYlW1TDX0AAYzsL?format=jpg&name=large,https://link.blockfolio.com/9dzp/xge8rvp3
2022-07-26 09:00:19+00:00,#Crypto,1551854917324886016,FYlL0odXkAIYIU1,https://pbs.twimg.com/media/FYlL0odXkAIYIU1?format=jpg&name=large,https://h5.coinstore.com/download
2022-07-26 08:40:17+00:00,#Crypto,1551849878594142209,FYlHN2oWAAIAcUO,https://pbs.twimg.com/media/FYlHN2oWAAIAcUO?format=jpg&name=large,https://bybit.com/en-US/invite?ref=RP1p2O
2022-07-26 08:26:23+00:00,#Crypto,1551846379345133569,FYlEDjfX0AEJvh5,https://pbs.twimg.com/media/FYlEDjfX0AEJvh5?format=jpg&name=large,https://www.binance.me/en/qr/dplk-uslt6c053fc89baa4e379d4d8897644295da
2022-07-26 08:25:27+00:00,#Crypto,1551846146632450049,FYlD2J3WYAAp9Ow,https://pbs.twimg.com/media/FYlD2J3WYAAp9Ow?format=jpg&name=large,https://t.me/voltinu_espanol
2022-07-26 08:10:57+00:00,#Crypto,1551842496367341568,FYlAhrBWIAAJU-U,https://pbs.twimg.com/media/FYlAhrBWIAAJU-U?format=jpg&name=large,https://www.binance.me/en/futures/ref/74226252
2022-07-26 08:05:21+00:00,#Crypto,1551841085810307077,FYk_PiwXoAAVY2u,https://pbs.twimg.com/media/FYk_PiwXoAAVY2u?format=jpg&name=large,https://www.binance.com/en/futures/ref/107734385
2022-07-26 08:00:01+00:00,#Crypto,1551839745575071744,FYklizMWYAAaABm,https://pbs.twimg.com/media/FYklizMWYAAaABm?format=jpg&name=large,https://www.gate.info/en/mobileapp/download?appLang=en
2022-07-26 07:26:25+00:00,#Crypto,1551831289153687552,FYk2VOQWQAcOufS,https://pbs.twimg.com/media/FYk2VOQWQAcOufS?format=jpg&name=large,https://www.binance.com/en/futures/ref/299251446
2022-07-26 07:22:51+00:00,#Crypto,1551830390490312704,FYk1g76XwAEYfHm,https://pbs.twimg.com/media/FYk1g76XwAEYfHm?format=jpg&name=large,https://www.binance.com/en/futures/ref/75942612
2022-07-26 07:21:44+00:00,#Crypto,1551830109136465920,FYk1QpJWQAEx5j8,https://pbs.twimg.com/media/FYk1QpJWQAEx5j8?format=jpg&name=large,https://www.binance.me/en/futures/ref/114775648
2022-07-26 07:20:41+00:00,#Crypto,1551829845885169665,FYk1BUGXoAASt2D,https://pbs.twimg.com/media/FYk1BUGXoAASt2D?format=jpg&name=large,https://www.binance.me/en/futures/ref/74226252
2022-07-26 07:18:14+00:00,#Crypto,1551829229129588736,FYk0dVDWIAUi6WM,https://pbs.twimg.com/media/FYk0dVDWIAUi6WM?format=jpg&name=large,https://t.me/TheCryptoHideout
2022-07-26 07:10:53+00:00,#Crypto,1551827379768926208,FYkyxT1agAAIWyw,https://pbs.twimg.com/media/FYkyxT1agAAIWyw?format=jpg&name=large,https://www.lbk.city
2022-07-26 06:41:18+00:00,#Crypto,1551819936322191361,FYksAUZaMAAjLLE,https://pbs.twimg.com/media/FYksAUZaMAAjLLE?format=jpg&name=large,https://u.wechat.com/EJtLWOTp34W79xU3QbNkgfs
2022-07-26 06:39:20+00:00,#Crypto,1551819438328287232,FYkrjH0agAE4HVI,https://pbs.twimg.com/media/FYkrjH0agAE4HVI?format=jpg&name=large,https://bybit.com/en-US/invite?ref=r012B2
2022-07-26 06:31:09+00:00,#Crypto,1551817379558338560,FYkprWtaAAAdJSS,https://pbs.twimg.com/media/FYkprWtaAAAdJSS?format=jpg&name=large,https://www.binance.com/en/futures/ref/75942612
2022-07-26 06:01:46+00:00,#Crypto,1551809983699755010,FYki7oSVUAAFKEZ,https://pbs.twimg.com/media/FYki7oSVUAAFKEZ?format=jpg&name=large,https://u.wechat.com/MDVfyfCPZPIM2bLDcufBZ38
2022-07-26 05:50:08+00:00,#Crypto,1551807060232134656,FYkgRbPaIAExnOW,https://pbs.twimg.com/media/FYkgRbPaIAExnOW?format=jpg&name=large,https://u.wechat.com/MDVfyfCPZPIM2bLDcufBZ38
2022-07-26 05:37:37+00:00,#Crypto,1551803906505703426,FYhOt36XwAI8yjs,https://pbs.twimg.com/media/FYhOt36XwAI8yjs?format=jpg&name=large,https://bybit.com/en-US/invite?ref=LJDLE4
2022-07-26 05:07:00+00:00,#Crypto,1551796201263333376,FYkWaoSakAAYvrM,https://pbs.twimg.com/media/FYkWaoSakAAYvrM?format=jpg&name=large,https://me-qr.com/nCaOH6
2022-07-26 05:01:08+00:00,#Crypto,1551794728630648832,FYkVELtVQAAK2bR,https://pbs.twimg.com/media/FYkVELtVQAAK2bR?format=jpg&name=large,https://u.wechat.com/EJtLWOTp34W79xU3QbNkgfs
2022-07-26 04:52:50+00:00,#Crypto,1551792637677817856,FYkTKNzaAAAdFyo,https://pbs.twimg.com/media/FYkTKNzaAAAdFyo?format=jpg&name=large,https://futures.kucoin.com/h5?rcode=r36WNBB&utm_source=AppShare&lang=en_US
