category,indomain,layer,urls
6,1,1,https://shopping.friday.tw/event/goldencard/
6,1,1,https://shopping.friday.tw/index.html
6,0,1,https://event.shopping.friday.tw/event/GH_bank/indexInfo.html
6,1,1,https://shopping.friday.tw/5/341.html
6,0,1,https://go.shopping.friday.tw/event/201810/20181031_event/index.html
6,0,1,https://event.shopping.friday.tw/event/GH_bank/index.html
6,1,1,https://24h.pchome.com.tw
6,0,1,https://shopping.pchome.com.tw
6,1,1,https://24h.pchome.com.tw/books/
6,0,1,https://www.tpipas.org.tw/DPmark/ShowCertData.aspx?id=B000007(01)
6,1,1,https://shopping.friday.tw/ec2/about_us
6,0,1,https://www.104.com.tw/jobbank/custjob/index.php?r=cust&j=433d456e3739416a33353d663b41391c92c2c2c28446f352654j51
6,0,1,https://www.facebook.com/fridayshopping
6,0,1,https://maac.io/1xDKI
6,1,1,https://shopping.friday.tw/ec2/intro_member
6,0,1,https://www.bibian.co.jp/?register&utm_source=24h_web&utm_medium=index_menu&utm_campaign=bibian_%E9%A6%96%E9%A0%81
6,0,1,https://global.pchome.com.tw
6,0,1,https://shopping.pchome.com.tw/travel/
6,0,1,https://www.pchomeec.tw/cdn/sites/mitch
6,0,1,https://ecssl.pchome.com.tw/sys/cflow/fsindex/BigCar/BIGCAR/ItemList
6,0,1,https://ecvip.pchome.com.tw
6,1,1,https://shopping.friday.tw/ec2/privacy
6,1,1,https://shopping.friday.tw/ec2/article
6,1,1,https://shopping.friday.tw/ec2/anti_grift
6,1,1,https://shopping.friday.tw/ec2/shopping_intro
6,1,1,https://shopping.friday.tw/ec2/card_intro
6,1,1,https://shopping.friday.tw/ec2/FaqList
6,0,1,https://ecvip.pchome.com.tw/web/order/all
6,0,1,https://ecvip.pchome.com.tw/web/order/refund
6,0,1,https://ecvip.pchome.com.tw/?0xaf58dd02741c48ca6263f78b8e428bc6618a3ed640480499691d4ffeab8ba45eee11ac06430b1614b3e801472a5589c4
6,0,1,https://ecvip.pchome.com.tw/?m=vendor
6,0,1,https://ecvip.pchome.com.tw/?m=myaccount&c=service&f=showBugService
6,1,1,https://shopping.friday.tw/ec2/CooperationAddForm
6,1,1,https://shopping.friday.tw/ec2/GroupurchaseAddForm
6,1,1,https://shopping.friday.tw/event/mem/scdp/index.html
6,1,1,https://shopping.friday.tw/event/20141030_app/
6,0,1,https://www.fetnet.net/
6,0,1,https://www.ferg.com.tw/
6,0,1,https://www.pchome.com.tw/
6,0,1,https://www.facebook.com/pchome24h/?ref=bookmarks
6,0,1,https://line.me/R/ti/p/@pchome24h
6,0,1,https://www.instagram.com/pchome24h/
6,1,1,https://24h.pchome.com.tw/sign/3c.htm
6,1,1,https://24h.pchome.com.tw/sign/cp.htm
6,1,1,https://24h.pchome.com.tw/sign/nb.htm
6,1,1,https://24h.pchome.com.tw/sign/mobile.htm
6,1,1,https://24h.pchome.com.tw/sign/digi.htm
6,1,1,https://24h.pchome.com.tw/sign/ce.htm
6,1,1,https://24h.pchome.com.tw/sign/daily.htm
6,1,1,https://24h.pchome.com.tw/sign/food.htm
6,1,1,https://24h.pchome.com.tw/sign/life.htm
6,1,1,https://24h.pchome.com.tw/sign/outdoor.htm
6,1,1,https://24h.pchome.com.tw/sign/beauty.htm
6,1,1,https://24h.pchome.com.tw/sign/vogue.htm
6,1,1,https://24h.pchome.com.tw/sign/brands
6,1,1,https://24h.pchome.com.tw/books
6,0,1,https://24h.pchome.app/pchome24h/604?24_c1_4
6,1,1,https://24h.pchome.com.tw/sitemap/
6,1,1,https://24h.pchome.com.tw/replenish/
6,1,1,https://24h.pchome.com.tw/cutprice/
6,1,1,https://www.thefaceshop.com.tw/
6,1,1,https://www.thefaceshop.com.tw/V2/TradesOrder/TradesOrderList?shopId=38145
6,1,1,https://www.thefaceshop.com.tw/V2/VipMember/VIPMemberRelay?shopId=38145
6,1,1,https://www.thefaceshop.com.tw/TraceSalePageList/TraceSalePageList
6,1,1,https://www.thefaceshop.com.tw/v2/ECoupon/MyECoupon
6,1,1,https://www.thefaceshop.com.tw/V2/ShoppingCart/Index?shopId=38145
6,1,1,https://www.thefaceshop.com.tw/v2/official/SalePageCategory/282089
6,1,1,https://www.thefaceshop.com.tw/v2/official/SalePageCategory/354787
6,1,1,https://www.thefaceshop.com.tw/v2/official/SalePageCategory/354591
6,1,1,https://www.thefaceshop.com.tw/v2/official/SalePageCategory/352303
6,1,1,https://shopping.google.com/?sa=X&ved=2ahUKEwjtkbuS5cj4AhXSxBYFHT-5BkAQw-QFegQIABAE
6,1,1,https://www.thefaceshop.com.tw/v2/official/SalePageCategory/352301
6,1,1,https://www.thefaceshop.com.tw/v2/official/SalePageCategory/352302
6,1,1,https://www.thefaceshop.com.tw/page/TOP10
6,1,1,http://www.thefaceshop.com.tw/V2/Activity/28391?layout=official
6,1,1,https://shopping.google.com/lists?sa=X&ved=2ahUKEwjtkbuS5cj4AhXSxBYFHT-5BkAQxuQFegQIABAF
6,0,1,https://policies.google.com/privacy?hl=en-US&sa=X&ved=2ahUKEwjtkbuS5cj4AhXSxBYFHT-5BkAQxeQFegQIABAG
6,1,1,https://shopping.google.com/terms?sa=X&ved=2ahUKEwjtkbuS5cj4AhXSxBYFHT-5BkAQnfsGegQIABAH
6,0,1,https://support.google.com/merchants/contact/policy?p=shop&cc=US&hl=en&sa=X&ved=2ahUKEwjtkbuS5cj4AhXSxBYFHT-5BkAQyOQFegQIABAI
6,1,1,https://www.thefaceshop.com.tw/page/storelist
6,1,1,https://www.thefaceshop.com.tw/page/member
6,1,1,https://www.thefaceshop.com.tw/V2/Activity/9040?layout=official
6,1,1,https://www.thefaceshop.com.tw/V2/Activity/9041?layout=official
6,1,1,https://www.thefaceshop.com.tw/v2/official/SalePageCategory/435352
6,0,1,https://www.google.com.tw/intl/en/about/products
6,0,1,https://accounts.google.com/ServiceLogin?hl=en&passive=true&continue=https://shopping.google.com/%3Fgsx_auth_redirect%3Dtrue&ec=GAZAlAQ
6,0,1,"https://www.google.com/shopping/product/r/TW/17637757325571430071?prds=oid:18394440131323264489,eto:18394440131323264489_0,epd:18394440131323264489,prmr:1,rsk:PC_1899340882996897493&rss=ChZQQ18xODk5MzQwODgyOTk2ODk3NDkz&hl=en&sa=X&ved=2ahUKEwjtkbuS5cj4AhXSxBYFHT-5BkAQkLoIegQIAhAG"
6,0,1,"https://www.google.com/shopping/product/r/TW/17478164981737765098?prds=oid:17876624406066307861,eto:17876624406066307861_0,epd:17876624406066307861,prmr:1,rsk:PC_17031542737475990478&rss=ChdQQ18xNzAzMTU0MjczNzQ3NTk5MDQ3OA%3D%3D&hl=en&sa=X&ved=2ahUKEwjtkbuS5cj4AhXSxBYFHT-5BkAQkLoIegQIAhAN"
6,0,1,"https://www.google.com/shopping/product/r/TW/17344872639728370160?prds=oid:17771171681683034207,eto:17771171681683034207_0,epd:17771171681683034207,prmr:1,rsk:PC_1106437807510595609&rss=ChZQQ18xMTA2NDM3ODA3NTEwNTk1NjA5&hl=en&sa=X&ved=2ahUKEwjtkbuS5cj4AhXSxBYFHT-5BkAQkLoIegQIAhAU"
6,0,1,"https://www.google.com/shopping/product/r/TW/4714564901194261177?prds=oid:17678247036669837388,eto:17678247036669837388_0,epd:17678247036669837388,prmr:1,rsk:PC_2425204023142241931&rss=ChZQQ18yNDI1MjA0MDIzMTQyMjQxOTMx&hl=en&sa=X&ved=2ahUKEwjtkbuS5cj4AhXSxBYFHT-5BkAQkLoIegQIAhAb"
6,0,1,"https://www.google.com/shopping/product/r/TW/10143966257839608563?prds=oid:7603217015758968445,eto:7603217015758968445_0,epd:7603217015758968445,prmr:1,rsk:PC_6269544224311824432&rss=ChZQQ182MjY5NTQ0MjI0MzExODI0NDMy&hl=en&sa=X&ved=2ahUKEwjtkbuS5cj4AhXSxBYFHT-5BkAQkLoIegQIAhAk"
6,0,1,"https://www.google.com/shopping/product/r/TW/12963575021990680672?prds=oid:5208357850775301934,eto:5208357850775301934_0,epd:5208357850775301934,prmr:1,rsk:PC_8889091458618674004&rss=ChZQQ184ODg5MDkxNDU4NjE4Njc0MDA0&hl=en&sa=X&ved=2ahUKEwjtkbuS5cj4AhXSxBYFHT-5BkAQkLoIegQIAhAq"
6,0,1,"https://www.google.com/shopping/product/r/TW/9554675010920327151?prds=oid:4059732988727968522,eto:4059732988727968522_0,epd:4059732988727968522,prmr:1,rsk:PC_1357154288204018100&rss=ChZQQ18xMzU3MTU0Mjg4MjA0MDE4MTAw&hl=en&sa=X&ved=2ahUKEwjtkbuS5cj4AhXSxBYFHT-5BkAQkLoIegQIAhAw"
6,0,1,"https://www.google.com/shopping/product/r/TW/1126702680522255300?prds=oid:18347914251911038038,eto:18347914251911038038_0,epd:18347914251911038038,prmr:1,rsk:PC_7676931337534047748&rss=ChZQQ183Njc2OTMxMzM3NTM0MDQ3NzQ4&hl=en&sa=X&ved=2ahUKEwjtkbuS5cj4AhXSxBYFHT-5BkAQkLoIegQIAhA2"
6,0,1,"https://www.google.com/shopping/product/r/TW/7823241949351261181?prds=oid:9676469772429233906,eto:9676469772429233906_0,epd:9676469772429233906,prmr:1,rsk:PC_8444266656617855524&rss=ChZQQ184NDQ0MjY2NjU2NjE3ODU1NTI0&hl=en&sa=X&ved=2ahUKEwjtkbuS5cj4AhXSxBYFHT-5BkAQkLoIegQIAhA8"
6,0,1,"https://www.google.com/shopping/product/r/TW/3213179918300638127?prds=oid:7975864144706551495,eto:7975864144706551495_0,epd:7975864144706551495,prmr:1,rsk:PC_1908436751718930576&rss=ChZQQ18xOTA4NDM2NzUxNzE4OTMwNTc2&hl=en&sa=X&ved=2ahUKEwjtkbuS5cj4AhXSxBYFHT-5BkAQkLoIegQIAhBC"
6,0,1,"https://www.google.com/shopping/product/r/TW/161354158090903858?prds=oid:14933249893859386893,eto:14933249893859386893_0,epd:14933249893859386893,prmr:1,rsk:PC_10297849453859926837&rss=ChdQQ18xMDI5Nzg0OTQ1Mzg1OTkyNjgzNw%3D%3D&hl=en&sa=X&ved=2ahUKEwjtkbuS5cj4AhXSxBYFHT-5BkAQkLoIegQIAhBI"
6,0,1,"https://www.google.com/shopping/product/r/TW/11141979705177579555?prds=oid:17910594951094209739,eto:17910594951094209739_0,epd:17910594951094209739,prmr:1,rsk:PC_15994330845410914504&rss=ChdQQ18xNTk5NDMzMDg0NTQxMDkxNDUwNA%3D%3D&hl=en&sa=X&ved=2ahUKEwjtkbuS5cj4AhXSxBYFHT-5BkAQkLoIegQIAhBO"
6,0,1,"https://www.google.com/shopping/product/r/TW/8589252841784770597?prds=oid:3037346637219693180,eto:3037346637219693180_0,epd:3037346637219693180,prmr:1,rsk:PC_435930273258971119&rss=ChVQQ180MzU5MzAyNzMyNTg5NzExMTk%3D&hl=en&sa=X&ved=2ahUKEwjtkbuS5cj4AhXSxBYFHT-5BkAQkLoIegQIAhBU"
6,0,1,"https://www.google.com/shopping/product/r/TW/15795800533172703063?prds=oid:12485297609087121729,eto:12485297609087121729_0,epd:12485297609087121729,prmr:1,rsk:PC_10402101477801327178&rss=ChdQQ18xMDQwMjEwMTQ3NzgwMTMyNzE3OA%3D%3D&hl=en&sa=X&ved=2ahUKEwjtkbuS5cj4AhXSxBYFHT-5BkAQkLoIegQIAhBc"
6,0,1,"https://www.google.com/shopping/product/r/TW/331453204819753600?prds=oid:892096677253876405,eto:892096677253876405_0,epd:892096677253876405,prmr:1,rsk:PC_2967800729203180384&rss=ChZQQ18yOTY3ODAwNzI5MjAzMTgwMzg0&hl=en&sa=X&ved=2ahUKEwjtkbuS5cj4AhXSxBYFHT-5BkAQkLoIegQIAhBj"
6,0,1,"https://www.google.com/shopping/product/r/TW/3849257569152126969?prds=oid:6394157636214987737,eto:6394157636214987737_0,epd:6394157636214987737,prmr:1,rsk:PC_9287664704485438419&rss=ChZQQ185Mjg3NjY0NzA0NDg1NDM4NDE5&hl=en&sa=X&ved=2ahUKEwjtkbuS5cj4AhXSxBYFHT-5BkAQkLoIegQIAhBq"
6,0,1,"https://www.google.com/shopping/product/r/TW/8014062466435205686?prds=oid:16239665812367104563,eto:16239665812367104563_0,epd:16239665812367104563,prmr:1,rsk:PC_8497196438345206008&rss=ChZQQ184NDk3MTk2NDM4MzQ1MjA2MDA4&hl=en&sa=X&ved=2ahUKEwjtkbuS5cj4AhXSxBYFHT-5BkAQkLoIegQIAhBx"
6,0,1,"https://www.google.com/shopping/product/r/TW/12383995191131922846?prds=oid:17180141939992048220,eto:17180141939992048220_0,epd:17180141939992048220,prmr:1,rsk:PC_15136621000070798279&rss=ChdQQ18xNTEzNjYyMTAwMDA3MDc5ODI3OQ%3D%3D&hl=en&sa=X&ved=2ahUKEwjtkbuS5cj4AhXSxBYFHT-5BkAQkLoIegQIAhB5"
6,0,1,"https://www.google.com/shopping/product/r/TW/9638168781462076063?prds=oid:16736727169652088673,eto:16736727169652088673_0,epd:16736727169652088673,prmr:1,rsk:PC_2778705944937790516&rss=ChZQQ18yNzc4NzA1OTQ0OTM3NzkwNTE2&hl=en&sa=X&ved=2ahUKEwjtkbuS5cj4AhXSxBYFHT-5BkAQkLoIegUIAhCAAQ"
6,0,1,"https://www.google.com/shopping/product/r/TW/16740738387653464275?prds=oid:14116478529369286365,eto:14116478529369286365_0,epd:14116478529369286365,prmr:1,rsk:PC_4178988503187606445&rss=ChZQQ180MTc4OTg4NTAzMTg3NjA2NDQ1&hl=en&sa=X&ved=2ahUKEwjtkbuS5cj4AhXSxBYFHT-5BkAQkLoIegUIAhCHAQ"
6,0,1,"https://www.google.com/shopping/product/r/TW/3043330822853905048?prds=oid:13820420809593806242,eto:13820420809593806242_0,epd:13820420809593806242,prmr:1,rsk:PC_8452620733807030696&rss=ChZQQ184NDUyNjIwNzMzODA3MDMwNjk2&hl=en&sa=X&ved=2ahUKEwjtkbuS5cj4AhXSxBYFHT-5BkAQkLoIegUIAhCOAQ"
6,1,1,https://tw.shop.com/ps_recruit_intro-v.xhtml
6,0,1,http://browsehappy.com/
6,1,1,https://tw.shop.com/
6,1,1,https://tw.shop.com/nbts/login-myaccount.xhtml?hamm=1
6,1,1,https://tw.shop.com/nbts/account/order-history?hca=1
6,1,1,https://tw.shop.com/nbts/account/order-history?hca=2
6,1,1,https://tw.shop.com/info/help?hca=3
6,1,1,https://tw.shop.com/nbts/account/order-history?hamm=2
6,1,1,https://tw.shop.com/nbts/account/order-history?hamm=3
6,1,1,https://tw.shop.com/earn-cashback-k.xhtml?hamm=4
6,1,1,https://tw.shop.com/info/help?hamm=5
6,1,1,https://tw.shop.com/nbts/create-myaccount.xhtml?hamm=6
6,1,1,https://tw.shop.com/nbts/account?hamm=7
6,1,1,https://tw.shop.com/healthnutrition-a.xhtml?hcdl1=1&hcdl2=1
6,1,1,https://tw.shop.com/search/%E7%87%9F%E9%A4%8A%E8%A3%9C%E5%85%85%E5%93%81%E3%80%81%E4%BF%9D%E5%81%A5%E7%94%A8%E5%93%81-%E4%B8%80%E8%88%AC%E5%81%A5%E5%BA%B7-3?t=0&k=15&hcdl1=1&hcdl2=2&hcdl3=1
6,1,1,https://tw.shop.com/%E6%84%9B%E5%B0%9A%E5%AE%83+reg+%E8%91%A1%E8%90%84%E7%B1%BD+%E6%9D%BE%E6%A8%B9%E7%9A%AE+%E7%B4%85%E9%85%92%E8%90%83%E5%8F%96%E7%B2%BE%E8%8F%AF%E7%B2%89%E6%9C%AB-644795616-p+.xhtml?hcdl1=1&hcdl2=2&hcdl3=2
6,1,1,https://tw.shop.com/%E6%84%9B%E5%B0%9A%E5%AE%83+reg+%E7%B6%9C%E5%90%88%E7%B6%AD%E7%94%9F%E7%B4%A0%E7%B2%89%E6%9C%AB-644795625-p+.xhtml?hcdl1=1&hcdl2=2&hcdl3=3
6,1,1,https://tw.shop.com/%E6%84%9B%E5%B0%9A%E5%AE%83+reg+%E5%80%8D%E8%AD%B7%E5%BA%B7%E9%85%8D%E6%96%B9%E7%B2%89%E6%9C%AB-1004699600-p+.xhtml?hcdl1=1&hcdl2=2&hcdl3=4
6,1,1,https://tw.shop.com/search/%E7%87%9F%E9%A4%8A%E8%A3%9C%E5%85%85%E5%93%81%E3%80%81%E4%BF%9D%E5%81%A5%E7%94%A8%E5%93%81-ATX-2+?hcdl1=1&hcdl2=3&hcdl3=1
6,1,1,https://tw.shop.com/%E7%BE%8E%E5%AE%89%E8%BB%9F%E7%B3%96-1347506701-p+.xhtml?hcdl1=1&hcdl2=3&hcdl3=2
6,1,1,https://tw.shop.com/%E6%84%9B%E5%B0%9A%E5%AE%83+reg+ATX%E9%85%8D%E6%96%B9-644795628-p+.xhtml?hcdl1=1&hcdl2=3&hcdl3=3
6,1,1,https://tw.shop.com/%E6%84%9B%E5%B0%9A%E5%AE%83+reg+%E5%B7%B4%E8%A5%BF%E8%8E%93%E9%85%8D%E6%96%B9%E7%B2%89%E6%9C%AB-644795622-p+.xhtml?hcdl1=1&hcdl2=3&hcdl3=4
6,1,1,https://tw.shop.com/search/%E7%87%9F%E9%A4%8A%E8%A3%9C%E5%85%85%E5%93%81%E3%80%81%E4%BF%9D%E5%81%A5%E7%94%A8%E5%93%81-%E8%AA%BF%E7%AF%80%E7%94%9F%E7%90%86%E6%A9%9F%E8%83%BD-3?t=0&k=15&hcdl1=1&hcdl2=4&hcdl3=1
6,1,1,https://tw.shop.com/%E6%98%93%E5%96%84+trade+%E9%AD%9A%E6%B2%B9%E7%B6%AD%E7%94%9F%E7%B4%A0E%E8%86%A0%E5%9B%8A%E9%A3%9F%E5%93%81-666275545-p+.xhtml?hcdl1=1&hcdl2=4&hcdl3=2
6,1,1,https://tw.shop.com/%E7%BE%8E%E5%AE%89%E5%B8%B8%E9%9D%92%E9%85%8D%E6%96%B9+reg+%E8%86%A0%E5%9B%8A%E9%A3%9F%E5%93%81-1167078811-p+.xhtml?hcdl1=1&hcdl2=4&hcdl3=3
6,1,1,https://tw.shop.com/%E6%84%9B%E5%B0%9A%E5%AE%83+reg+%E9%81%A9%E6%98%8E%E9%85%8D%E6%96%B9%E7%B2%89%E6%9C%AB-644795614-p+.xhtml?hcdl1=1&hcdl2=4&hcdl3=4
6,1,1,https://tw.shop.com/search/%E7%87%9F%E9%A4%8A%E8%A3%9C%E5%85%85%E5%93%81%E3%80%81%E4%BF%9D%E5%81%A5%E7%94%A8%E5%93%81-%E9%AB%94%E5%8A%9B%E8%88%87%E7%B2%BE%E7%A5%9E-3?t=0&k=15&hcdl1=1&hcdl2=5&hcdl3=1
6,1,1,https://tw.shop.com/%E6%84%9B%E5%B0%9A%E5%AE%83+reg+%E8%A4%87%E6%96%B9%E7%B6%AD%E7%94%9F%E7%B4%A0B%E7%B2%89%E6%9C%AB-644795623-p+.xhtml?hcdl1=1&hcdl2=5&hcdl3=2
6,1,1,https://tw.shop.com/%E6%84%9B%E5%B0%9A%E5%AE%83+reg+%E8%BC%94%E9%85%B5%E7%B4%A0Q10%E7%B2%89%E6%9C%AB-644795626-p+.xhtml?hcdl1=1&hcdl2=5&hcdl3=3
6,1,1,https://tw.shop.com/%E6%84%9B%E5%B0%9A%E5%AE%83+reg+%E7%B6%9C%E5%90%88%E7%A4%A6%E7%89%A9%E8%B3%AA%E7%B2%89%E6%9C%AB-644795624-p+.xhtml?hcdl1=1&hcdl2=5&hcdl3=4
6,1,1,https://tw.shop.com/search/%E7%87%9F%E9%A4%8A%E8%A3%9C%E5%85%85%E5%93%81%E3%80%81%E4%BF%9D%E5%81%A5%E7%94%A8%E5%93%81-%E6%B6%88%E5%8C%96%E5%81%A5%E5%BA%B7-3?t=0&k=15&hcdl1=1&hcdl2=6&hcdl3=1
6,1,1,https://tw.shop.com/%E6%84%9B%E5%B0%9A%E5%AE%83+reg+%E7%9B%8A%E7%94%9F%E6%B6%88%E5%8C%96%E9%85%B5%E7%B4%A0%E7%B2%89%E6%9C%AB+%E9%9A%A8%E8%BA%AB%E5%8C%85-644795621-p+.xhtml?hcdl1=1&hcdl2=6&hcdl3=2
6,1,1,https://tw.shop.com/nutriclean+trade+%E5%85%88%E9%80%B2%E7%BA%96%E7%B6%AD%E7%B2%89-644795674-p+.xhtml?hcdl1=1&hcdl2=6&hcdl3=3
6,1,1,https://tw.shop.com/%E8%98%86%E8%96%88%E6%B1%81-644795699-p+.xhtml?hcdl1=1&hcdl2=6&hcdl3=4
6,1,1,https://tw.shop.com/search/women.children?hcdl1=1&hcdl2=7&hcdl3=1
6,1,1,https://tw.shop.com/%E6%84%9B%E7%9A%84%E5%A5%87%E8%B9%9F+trade+%E5%85%92%E7%AB%A5%E7%9B%8A%E7%94%9F%E8%8F%8C%E5%9A%BC%E7%89%87-1294104584-p+.xhtml?hcdl1=1&hcdl2=7&hcdl3=2
6,1,1,https://tw.shop.com/%E6%84%9B%E7%9A%84%E5%A5%87%E8%B9%9F+trade+%E5%85%92%E7%AB%A5%E6%B6%88%E5%8C%96%E9%85%B5%E7%B4%A0%E7%B2%89%E6%9C%AB-1294104582-p+.xhtml?hcdl1=1&hcdl2=7&hcdl3=3
6,1,1,https://tw.shop.com/%E6%84%9B%E5%B0%9A%E5%AE%83+reg+%E5%AD%95%E5%A9%A6%E7%B6%9C%E5%90%88%E7%B6%AD%E7%94%9F%E7%B4%A0%E7%B2%89%E6%9C%AB-644795613-p+.xhtml?hcdl1=1&hcdl2=7&hcdl3=4
6,1,1,https://tw.shop.com/%E6%84%9B%E5%B0%9A%E5%AE%83+reg+%E7%BE%8E%E5%A6%8D%E9%85%8D%E6%96%B9%E7%B2%89%E6%9C%AB-751488143-p+.xhtml?hcdl1=1&hcdl2=7&hcdl3=5
6,1,1,https://tw.shop.com/search/%E7%87%9F%E9%A4%8A%E8%A3%9C%E5%85%85%E5%93%81%E3%80%81%E4%BF%9D%E5%81%A5%E7%94%A8%E5%93%81-%E6%B4%BB%E5%8A%9B%E8%83%BD%E5%8A%9B%E4%BF%9D%E5%81%A5-3?t=0&k=15&hcdl1=1&hcdl2=8&hcdl3=1
6,1,1,https://tw.shop.com/%E6%84%9B%E5%B0%9A%E5%AE%83+reg+%E5%9B%BA%E5%8F%AF%E5%AF%A7%E9%85%8D%E6%96%B9%E7%B2%89%E6%9C%AB-644795627-p+.xhtml?hcdl1=1&hcdl2=8&hcdl3=2
6,1,1,https://tw.shop.com/%E6%84%9B%E5%B0%9A%E5%AE%83+reg+%E7%AD%89%E6%BB%B2%E9%88%A3%E7%B2%89%E6%9C%AB-644795619-p+.xhtml?hcdl1=1&hcdl2=8&hcdl3=3
6,1,1,https://tw.shop.com/%E6%84%9B%E5%B0%9A%E5%AE%83+reg+%E7%B6%AD%E7%94%9F%E7%B4%A0D3+%E5%90%AB%E7%B6%AD%E7%94%9F%E7%B4%A0K2+%E7%B2%89%E6%9C%AB-830636060-p+.xhtml?hcdl1=1&hcdl2=8&hcdl3=4
6,1,1,https://tw.shop.com/%E5%85%A8%E6%96%B0%E7%94%9F%E6%B4%BB+-v246512-c+.xhtml?hcdl1=1&hcdl2=9&hcdl3=1
6,1,1,https://tw.shop.com/%E5%85%A8%E6%96%B0%E7%94%9F%E6%B4%BB+trade+%E7%B6%A0%E5%92%96%E5%95%A1%E8%B1%86%E7%86%B1%E9%89%BB%E9%85%8D%E6%96%B9%E8%86%A0%E5%9B%8A%E9%A3%9F%E5%93%81-1635278638-p+.xhtml?hcdl1=1&hcdl2=9&hcdl3=2
6,1,1,https://tw.shop.com/923491049-p.xhtml?hcdl1=1&hcdl2=9&hcdl3=3
6,1,1,https://tw.shop.com/%E5%85%A8%E6%96%B0%E7%94%9F%E6%B4%BB+trade+%E5%8D%B3%E4%BA%AB%E9%9B%AA%E5%85%8B-806808750-p+.xhtml?hcdl1=1&hcdl2=9&hcdl3=4
6,1,1,https://tw.shop.com/%E5%85%A8%E6%96%B0%E7%94%9F%E6%B4%BB+trade+%E8%88%92%E8%A1%A1%E9%85%8D%E6%96%B9%E9%8C%A0%E7%8B%80%E9%A3%9F%E5%93%81%E5%90%AB%E5%8D%97%E9%9D%9E%E9%86%89%E8%8C%84%E6%A0%B9%E8%91%89%E8%90%83%E5%8F%96%E7%89%A9-1362076298-p+.xhtml?hcdl1=1&hcdl2=9&hcdl3=5
6,1,1,https://tw.shop.com/search/%E9%A4%8A%E9%A1%8F%E7%BE%8E%E5%AE%B9?hcdl1=1&hcdl2=10&hcdl3=1
6,1,1,https://tw.shop.com/%E6%84%9B%E5%B0%9A%E5%AE%83+reg+%E7%BE%8E%E5%A6%8D%E9%85%8D%E6%96%B9%E7%B2%89%E6%9C%AB-751488143-p+.xhtml?hcdl1=1&hcdl2=10&hcdl3=2
6,1,1,https://tw.shop.com/%E6%84%9B%E5%B0%9A%E5%AE%83+reg+%E8%91%A1%E8%90%84%E7%B1%BD+%E6%9D%BE%E6%A8%B9%E7%9A%AE+%E7%B4%85%E9%85%92%E8%90%83%E5%8F%96%E7%B2%BE%E8%8F%AF%E7%B2%89%E6%9C%AB-644795616-p+.xhtml?hcdl1=1&hcdl2=10&hcdl3=3
6,1,1,https://tw.shop.com/%E6%84%9B%E5%B0%9A%E5%AE%83+reg+%E8%8E%93%E6%9E%9C%E9%85%8D%E6%96%B9%E7%B2%89%E6%9C%AB-644795615-p+.xhtml?hcdl1=1&hcdl2=10&hcdl3=4
6,1,1,https://tw.shop.com/2020healthandcleaning-k.xhtml?tkr=210210134938&hcda=1
6,1,1,https://tw.shop.com/Beauty-a.xhtml?hcdl1=2&hcdl2=1
6,1,1,https://tw.shop.com/search/%E7%BE%8E%E5%A6%9D%E3%80%81%E4%BF%9D%E9%A4%8A-%E8%87%89%E9%83%A8%E5%BD%A9%E5%A6%9D-3?hcdl1=2&hcdl2=2&hcdl3=1
6,1,1,https://tw.shop.com/search/%E7%BE%8E%E5%A6%9D%E3%80%81%E4%BF%9D%E9%A4%8A-%E8%87%89%E9%83%A8%E5%BD%A9%E5%A6%9D-%E8%87%89%E9%83%A8%E5%BD%A9%E5%A6%9D%E9%A1%9E%E5%9E%8B-%E7%B2%89%E5%BA%95-34?hcdl1=2&hcdl2=2&hcdl3=2
6,1,1,https://tw.shop.com/search/%E7%BE%8E%E5%A6%9D%E3%80%81%E4%BF%9D%E9%A4%8A-%E8%87%89%E9%83%A8%E5%BD%A9%E5%A6%9D-%E8%87%89%E9%83%A8%E5%BD%A9%E5%A6%9D%E9%A1%9E%E5%9E%8B-%E7%B2%89%E9%A4%85%E5%8F%8A%E7%B2%89%E9%A4%85%E7%9B%92-34?hcdl1=2&hcdl2=2&hcdl3=3
6,1,1,https://tw.shop.com/search/%E7%BE%8E%E5%A6%9D%E3%80%81%E4%BF%9D%E9%A4%8A-%E8%87%89%E9%83%A8%E5%BD%A9%E5%A6%9D-%E8%87%89%E9%83%A8%E5%BD%A9%E5%A6%9D%E9%A1%9E%E5%9E%8B-%E8%85%AE%E7%B4%85-34?hcdl1=2&hcdl2=2&hcdl3=4
6,1,1,https://tw.shop.com/search/%E7%BE%8E%E5%A6%9D%E3%80%81%E4%BF%9D%E9%A4%8A-%E8%87%89%E9%83%A8%E5%BD%A9%E5%A6%9D-%E8%87%89%E9%83%A8%E5%BD%A9%E5%A6%9D%E9%A1%9E%E5%9E%8B-%E5%8D%B8%E5%A6%9D-34?hcdl1=2&hcdl2=2&hcdl3=5
6,1,1,https://tw.shop.com/search/%E7%BE%8E%E5%A6%9D%E3%80%81%E4%BF%9D%E9%A4%8A-%E8%87%89%E9%83%A8%E5%BD%A9%E5%A6%9D-%E8%87%89%E9%83%A8%E5%BD%A9%E5%A6%9D%E9%A1%9E%E5%9E%8B-%E5%AE%9A%E5%A6%9D-34?hcdl1=2&hcdl2=2&hcdl3=6
6,1,1,https://tw.shop.com/search/%E7%BE%8E%E5%A6%9D%E3%80%81%E4%BF%9D%E9%A4%8A-%E8%87%89%E9%83%A8%E5%BD%A9%E5%A6%9D-%E8%87%89%E9%83%A8%E5%BD%A9%E5%A6%9D%E9%A1%9E%E5%9E%8B-%E9%98%B2%E6%9B%AC%E3%80%81%E6%89%93%E4%BA%AE~%E7%8F%A0%E5%85%89%E7%B2%89%E5%BA%95-34?hcdl1=2&hcdl2=2&hcdl3=7
6,1,1,https://tw.shop.com/search/%E7%BE%8E%E5%A6%9D%E3%80%81%E4%BF%9D%E9%A4%8A-%E8%87%89%E9%83%A8%E5%BD%A9%E5%A6%9D-%E8%87%89%E9%83%A8%E5%BD%A9%E5%A6%9D%E9%A1%9E%E5%9E%8B-%E9%A3%BE%E5%BA%95-34?hcdl1=2&hcdl2=2&hcdl3=8
6,1,1,https://tw.shop.com/search/%E7%BE%8E%E5%A6%9D%E3%80%81%E4%BF%9D%E9%A4%8A-%E8%87%89%E9%83%A8%E5%BD%A9%E5%A6%9D-%E8%87%89%E9%83%A8%E5%BD%A9%E5%A6%9D%E9%A1%9E%E5%9E%8B-%E8%9C%9C%E7%B2%89-34?hcdl1=2&hcdl2=2&hcdl3=9
6,1,1,https://tw.shop.com/search/%E7%BE%8E%E5%A6%9D%E3%80%81%E4%BF%9D%E9%A4%8A-%E8%87%89%E9%83%A8%E5%BD%A9%E5%A6%9D-%E8%87%89%E9%83%A8%E5%BD%A9%E5%A6%9D%E9%A1%9E%E5%9E%8B-%E9%81%AE%E7%91%95-34?hcdl1=2&hcdl2=2&hcdl3=10
6,1,1,https://tw.shop.com/search/%E7%BE%8E%E5%A6%9D%E3%80%81%E4%BF%9D%E9%A4%8A-%E7%9C%BC%E9%83%A8%E5%BD%A9%E5%A6%9D-3?hcdl1=2&hcdl2=3&hcdl3=1
6,1,1,https://tw.shop.com/search/%E7%BE%8E%E5%A6%9D%E3%80%81%E4%BF%9D%E9%A4%8A-%E7%9C%BC%E9%83%A8%E5%BD%A9%E5%A6%9D-%E7%9C%BC%E5%A6%9D%E9%A1%9E%E5%9E%8B-%E7%9C%BC%E5%BD%B1-34?hcdl1=2&hcdl2=3&hcdl3=2
6,1,1,https://tw.shop.com/search/%E7%BE%8E%E5%A6%9D%E3%80%81%E4%BF%9D%E9%A4%8A-%E7%9C%BC%E9%83%A8%E5%BD%A9%E5%A6%9D-%E7%9C%BC%E5%A6%9D%E9%A1%9E%E5%9E%8B-%E7%9C%BC%E7%B7%9A%E7%AD%86-34?hcdl1=2&hcdl2=3&hcdl3=3
6,1,1,https://tw.shop.com/search/%E7%BE%8E%E5%A6%9D%E3%80%81%E4%BF%9D%E9%A4%8A-%E7%9C%BC%E9%83%A8%E5%BD%A9%E5%A6%9D-%E7%9C%BC%E5%A6%9D%E9%A1%9E%E5%9E%8B-%E7%9D%AB%E6%AF%9B%E8%86%8F-34?hcdl1=2&hcdl2=3&hcdl3=4
6,1,1,https://tw.shop.com/search/%E7%BE%8E%E5%A6%9D%E3%80%81%E4%BF%9D%E9%A4%8A-%E7%9C%BC%E9%83%A8%E5%BD%A9%E5%A6%9D-%E7%9C%BC%E5%A6%9D%E9%A1%9E%E5%9E%8B-%E7%9D%AB%E6%AF%9B%E6%BB%8B%E9%A4%8A%E6%B6%B2-34?hcdl1=2&hcdl2=3&hcdl3=5
6,1,1,https://tw.shop.com/search/%E7%BE%8E%E5%A6%9D%E3%80%81%E4%BF%9D%E9%A4%8A-%E7%9C%BC%E9%83%A8%E5%BD%A9%E5%A6%9D-%E7%9C%BC%E5%A6%9D%E9%A1%9E%E5%9E%8B-%E7%9C%BC%E5%A6%9D%E7%B5%84%E5%90%88-34?hcdl1=2&hcdl2=3&hcdl3=6
6,1,1,https://tw.shop.com/search/%E7%BE%8E%E5%A6%9D%E3%80%81%E4%BF%9D%E9%A4%8A-%E7%9C%BC%E9%83%A8%E5%BD%A9%E5%A6%9D-%E7%9C%BC%E5%A6%9D%E9%A1%9E%E5%9E%8B-%E7%9C%89%E7%AD%86-34?hcdl1=2&hcdl2=3&hcdl3=7
6,1,1,https://tw.shop.com/search/%E7%BE%8E%E5%A6%9D%E3%80%81%E4%BF%9D%E9%A4%8A-%E7%9C%BC%E9%83%A8%E5%BD%A9%E5%A6%9D-%E7%9C%BC%E5%A6%9D%E9%A1%9E%E5%9E%8B-%E7%9C%BC%E9%83%A8%E5%8D%B8%E5%A6%9D-34?hcdl1=2&hcdl2=3&hcdl3=8
6,1,1,https://tw.shop.com/search/%E7%BE%8E%E5%A6%9D%E3%80%81%E4%BF%9D%E9%A4%8A-%E7%9C%BC%E9%83%A8%E5%BD%A9%E5%A6%9D-%E7%9C%BC%E5%A6%9D%E9%A1%9E%E5%9E%8B-%E4%BF%AE%E7%9C%89%E7%B5%84%E5%90%88-34?hcdl1=2&hcdl2=3&hcdl3=9
6,1,1,https://tw.shop.com/search/%E7%BE%8E%E5%A6%9D%E3%80%81%E4%BF%9D%E9%A4%8A-%E7%9C%BC%E9%83%A8%E5%BD%A9%E5%A6%9D-%E7%9C%BC%E5%A6%9D%E9%A1%9E%E5%9E%8B-%E7%9C%BC%E5%BD%B1%E6%89%93%E5%BA%95-34?hcdl1=2&hcdl2=3&hcdl3=10
6,1,1,https://tw.shop.com/search/%E7%BE%8E%E5%A6%9D%E3%80%81%E4%BF%9D%E9%A4%8A-%E7%9C%BC%E9%83%A8%E5%BD%A9%E5%A6%9D-%E7%9C%BC%E5%A6%9D%E9%A1%9E%E5%9E%8B-%E5%81%87%E7%9D%AB%E6%AF%9B%E5%92%8C%E8%86%A0%E7%B2%98%E5%8A%91-34?hcdl1=2&hcdl2=3&hcdl3=11
6,1,1,https://tw.shop.com/search/%E7%BE%8E%E5%A6%9D%E3%80%81%E4%BF%9D%E9%A4%8A-%E5%94%87%E9%83%A8%E5%BD%A9%E5%A6%9D-%E5%94%87%E9%83%A8%E5%BD%A9%E5%A6%9D-3+?hcdl1=2&hcdl2=4&hcdl3=1
6,1,1,https://tw.shop.com/search/%E7%BE%8E%E5%A6%9D%E3%80%81%E4%BF%9D%E9%A4%8A-%E5%94%87%E9%83%A8%E5%BD%A9%E5%A6%9D-%E5%94%87%E5%A6%9D%E9%A1%9E%E5%9E%8B-%E5%8F%A3%E7%B4%85-34?hcdl1=2&hcdl2=4&hcdl3=2
6,1,1,https://tw.shop.com/search/%E7%BE%8E%E5%A6%9D%E3%80%81%E4%BF%9D%E9%A4%8A-%E5%94%87%E9%83%A8%E5%BD%A9%E5%A6%9D-%E5%94%87%E5%A6%9D%E9%A1%9E%E5%9E%8B-%E5%94%87%E5%BD%A9-34?hcdl1=2&hcdl2=4&hcdl3=3
6,1,1,https://tw.shop.com/search/%E7%BE%8E%E5%A6%9D%E3%80%81%E4%BF%9D%E9%A4%8A-%E5%94%87%E9%83%A8%E5%BD%A9%E5%A6%9D-%E5%94%87%E5%A6%9D%E9%A1%9E%E5%9E%8B-%E5%94%87%E7%B7%9A%E7%AD%86-34?hcdl1=2&hcdl2=4&hcdl3=4
6,1,1,https://tw.shop.com/search/%E7%BE%8E%E5%A6%9D%E3%80%81%E4%BF%9D%E9%A4%8A-%E5%94%87%E9%83%A8%E5%BD%A9%E5%A6%9D-%E5%94%87%E5%A6%9D%E9%A1%9E%E5%9E%8B-%E5%94%87%E9%83%A8%E4%BF%9D%E9%A4%8A-34?hcdl1=2&hcdl2=4&hcdl3=5
6,1,1,https://tw.shop.com/search/%E7%BE%8E%E5%A6%9D%E3%80%81%E4%BF%9D%E9%A4%8A-%E5%94%87%E9%83%A8%E5%BD%A9%E5%A6%9D-%E5%94%87%E5%A6%9D%E9%A1%9E%E5%9E%8B-%E5%94%87%E5%A6%9D%E7%B5%84%E5%90%88-34?hcdl1=2&hcdl2=4&hcdl3=6
6,1,1,https://tw.shop.com/search/%E7%BE%8E%E5%A6%9D%E3%80%81%E4%BF%9D%E9%A4%8A-%E5%94%87%E9%83%A8%E5%BD%A9%E5%A6%9D-%E5%94%87%E5%A6%9D%E9%A1%9E%E5%9E%8B-%E5%94%87%E5%BA%95%E9%9C%9C-34?hcdl1=2&hcdl2=4&hcdl3=7
6,1,1,https://tw.shop.com/search/%E7%BE%8E%E5%A6%9D%E3%80%81%E4%BF%9D%E9%A4%8A-%E7%A6%AE%E7%9B%92%E3%80%81%E6%97%85%E8%A1%8C%E5%A5%97%E7%B5%84-3?hcdl1=2&hcdl2=5&hcdl3=1
6,1,1,https://tw.shop.com/search/%E7%BE%8E%E5%A6%9D%E3%80%81%E4%BF%9D%E9%A4%8A-%E7%A6%AE%E7%9B%92%E3%80%81%E6%97%85%E8%A1%8C%E5%A5%97%E7%B5%84-%E7%BE%8E%E5%AE%B9%E7%A6%AE%E5%93%81%E5%A5%97%E8%A3%9D%E9%A1%9E%E5%9E%8B-%E7%9C%BC%E5%A6%9D%E7%B5%84%E5%90%88-34?hcdl1=2&hcdl2=5&hcdl3=2
6,1,1,https://tw.shop.com/search/%E7%BE%8E%E5%A6%9D%E3%80%81%E4%BF%9D%E9%A4%8A-%E7%A6%AE%E7%9B%92%E3%80%81%E6%97%85%E8%A1%8C%E5%A5%97%E7%B5%84-%E7%BE%8E%E5%AE%B9%E7%A6%AE%E5%93%81%E5%A5%97%E8%A3%9D%E9%A1%9E%E5%9E%8B-%E5%94%87%E5%A6%9D%E7%B5%84%E5%90%88-34?hcdl1=2&hcdl2=5&hcdl3=3
6,1,1,https://tw.shop.com/search/%E7%BE%8E%E5%A6%9D%E3%80%81%E4%BF%9D%E9%A4%8A-%E7%A6%AE%E7%9B%92%E3%80%81%E6%97%85%E8%A1%8C%E5%A5%97%E7%B5%84-%E7%BE%8E%E5%AE%B9%E7%A6%AE%E5%93%81%E5%A5%97%E8%A3%9D%E9%A1%9E%E5%9E%8B-%E5%BD%A9%E5%A6%9D%E7%A6%AE%E5%93%81%E7%B5%84%E5%90%88-34?hcdl1=2&hcdl2=5&hcdl3=4
6,1,1,https://tw.shop.com/search/%E7%BE%8E%E5%A6%9D%E3%80%81%E4%BF%9D%E9%A4%8A-%E7%A6%AE%E7%9B%92%E3%80%81%E6%97%85%E8%A1%8C%E5%A5%97%E7%B5%84-%E7%BE%8E%E5%AE%B9%E7%A6%AE%E5%93%81%E5%A5%97%E8%A3%9D%E9%A1%9E%E5%9E%8B-%E8%87%89%E9%83%A8%E5%BD%A9%E5%A6%9D%E7%B5%84%E5%90%88-34?hcdl1=2&hcdl2=5&hcdl3=5
6,1,1,https://tw.shop.com/search/%E7%BE%8E%E5%A6%9D%E3%80%81%E4%BF%9D%E9%A4%8A-%E5%BD%A9%E5%A6%9D%E9%85%8D%E4%BB%B6-3?hcdl1=2&hcdl2=6&hcdl3=1
6,1,1,https://tw.shop.com/search/%E7%BE%8E%E5%A6%9D%E3%80%81%E4%BF%9D%E9%A4%8A-%E5%BD%A9%E5%A6%9D%E9%85%8D%E4%BB%B6-%E5%8C%96%E5%A6%9D%E5%93%81%E9%85%8D%E4%BB%B6%E9%A1%9E%E5%9E%8B-%E5%88%B7%E5%85%B7%E5%8F%8A%E5%85%B6%E5%AE%83%E4%B8%8A%E5%A6%9D%E5%B7%A5%E5%85%B7-34?hcdl1=2&hcdl2=6&hcdl3=2
6,1,1,https://tw.shop.com/search/%E7%BE%8E%E5%A6%9D%E3%80%81%E4%BF%9D%E9%A4%8A-%E5%BD%A9%E5%A6%9D%E9%85%8D%E4%BB%B6-%E5%8C%96%E5%A6%9D%E5%93%81%E9%85%8D%E4%BB%B6%E9%A1%9E%E5%9E%8B-%E8%87%AA%E8%A8%82%E5%BD%A9%E5%A6%9D%E7%B5%84%E5%90%88-34?hcdl1=2&hcdl2=6&hcdl3=3
6,1,1,https://tw.shop.com/search/%E7%BE%8E%E5%A6%9D%E3%80%81%E4%BF%9D%E9%A4%8A-%E5%BD%A9%E5%A6%9D%E9%85%8D%E4%BB%B6-%E5%8C%96%E5%A6%9D%E5%93%81%E9%85%8D%E4%BB%B6%E9%A1%9E%E5%9E%8B-%E7%B2%89%E6%92%B2%EF%BC%8C%E6%B5%B7%E6%A3%89%E5%8F%8A%E5%8C%96%E5%A6%9D%E6%B5%B7%E6%A3%89-34?hcdl1=2&hcdl2=6&hcdl3=4
6,1,1,https://tw.shop.com/search/%E7%BE%8E%E5%A6%9D%E3%80%81%E4%BF%9D%E9%A4%8A-%E5%BD%A9%E5%A6%9D%E9%85%8D%E4%BB%B6-%E5%8C%96%E5%A6%9D%E5%93%81%E9%85%8D%E4%BB%B6%E9%A1%9E%E5%9E%8B-%E5%89%8A%E7%AD%86%E5%99%A8-34?hcdl1=2&hcdl2=6&hcdl3=5
6,1,1,https://tw.shop.com/search/%E7%BE%8E%E5%A6%9D%E3%80%81%E4%BF%9D%E9%A4%8A-%E7%9A%AE%E8%86%9A%E4%BF%9D%E9%A4%8A%E4%BF%AE%E8%AD%B7-3?hcdl1=2&hcdl2=7&hcdl3=1
6,1,1,https://tw.shop.com/search/%E7%BE%8E%E5%A6%9D%E3%80%81%E4%BF%9D%E9%A4%8A-%E7%9A%AE%E8%86%9A%E4%BF%9D%E9%A4%8A%E4%BF%AE%E8%AD%B7-%E8%AD%B7%E8%86%9A%E7%94%A2%E5%93%81%E9%A1%9E%E5%9E%8B-%E6%BD%94%E9%9D%A2%E4%B9%B3-34?hcdl1=2&hcdl2=7&hcdl3=2
6,1,1,https://tw.shop.com/search/%E7%BE%8E%E5%A6%9D%E3%80%81%E4%BF%9D%E9%A4%8A-%E7%9A%AE%E8%86%9A%E4%BF%9D%E9%A4%8A%E4%BF%AE%E8%AD%B7-%E8%AD%B7%E8%86%9A%E7%94%A2%E5%93%81%E9%A1%9E%E5%9E%8B-%E5%8C%96%E5%A6%9D%E6%B0%B4%E5%8F%8A%E6%94%B6%E6%96%82%E6%B0%B4-34?hcdl1=2&hcdl2=7&hcdl3=3
6,1,1,https://tw.shop.com/search/%E7%BE%8E%E5%A6%9D%E3%80%81%E4%BF%9D%E9%A4%8A-%E7%9A%AE%E8%86%9A%E4%BF%9D%E9%A4%8A%E4%BF%AE%E8%AD%B7-%E8%AD%B7%E8%86%9A%E7%94%A2%E5%93%81%E9%A1%9E%E5%9E%8B-%E8%AD%B7%E8%86%9A%E8%88%87%E4%BF%AE%E5%BE%A9-34?hcdl1=2&hcdl2=7&hcdl3=4
6,1,1,https://tw.shop.com/search/%E7%BE%8E%E5%A6%9D%E3%80%81%E4%BF%9D%E9%A4%8A-%E7%9A%AE%E8%86%9A%E4%BF%9D%E9%A4%8A%E4%BF%AE%E8%AD%B7-%E8%AD%B7%E8%86%9A%E7%94%A2%E5%93%81%E9%A1%9E%E5%9E%8B-%E8%AD%B7%E8%86%9A%E7%94%A2%E5%93%81%E7%B5%84%E5%90%88-34?hcdl1=2&hcdl2=7&hcdl3=5
6,1,1,https://tw.shop.com/search/%E7%BE%8E%E5%A6%9D%E3%80%81%E4%BF%9D%E9%A4%8A-%E7%9A%AE%E8%86%9A%E4%BF%9D%E9%A4%8A%E4%BF%AE%E8%AD%B7-%E8%AD%B7%E8%86%9A%E7%94%A2%E5%93%81%E9%A1%9E%E5%9E%8B-%E8%87%89%E9%83%A8%E4%BF%9D%E6%BF%95-34?hcdl1=2&hcdl2=7&hcdl3=6
6,1,1,https://tw.shop.com/search/%E7%BE%8E%E5%A6%9D%E3%80%81%E4%BF%9D%E9%A4%8A-%E7%9A%AE%E8%86%9A%E4%BF%9D%E9%A4%8A%E4%BF%AE%E8%AD%B7-%E8%AD%B7%E8%86%9A%E7%94%A2%E5%93%81%E9%A1%9E%E5%9E%8B-%E9%9D%A2%E9%83%A8%E5%8E%BB%E8%A7%92%E8%B3%AA%E5%8F%8A%E9%9D%A2%E8%86%9C-34?hcdl1=2&hcdl2=7&hcdl3=7
6,1,1,https://tw.shop.com/search/%E7%BE%8E%E5%A6%9D%E3%80%81%E4%BF%9D%E9%A4%8A-%E7%9A%AE%E8%86%9A%E4%BF%9D%E9%A4%8A%E4%BF%AE%E8%AD%B7-%E8%AD%B7%E8%86%9A%E7%94%A2%E5%93%81%E9%A1%9E%E5%9E%8B-%E7%9C%BC%E9%9C%9C%E5%8F%8A%E7%9C%BC%E8%86%9C-34?hcdl1=2&hcdl2=7&hcdl3=8
6,1,1,https://tw.shop.com/search/%E7%BE%8E%E5%A6%9D%E3%80%81%E4%BF%9D%E9%A4%8A-%E7%9A%AE%E8%86%9A%E4%BF%9D%E9%A4%8A%E4%BF%AE%E8%AD%B7-%E8%AD%B7%E8%86%9A%E7%94%A2%E5%93%81%E9%A1%9E%E5%9E%8B-%E6%99%9A%E9%9C%9C-34?hcdl1=2&hcdl2=7&hcdl3=9
6,1,1,https://tw.shop.com/search/%E7%BE%8E%E5%A6%9D%E3%80%81%E4%BF%9D%E9%A4%8A-%E7%9A%AE%E8%86%9A%E4%BF%9D%E9%A4%8A%E4%BF%AE%E8%AD%B7-%E8%AD%B7%E8%86%9A%E7%94%A2%E5%93%81%E9%A1%9E%E5%9E%8B-%E8%BA%AB%E9%AB%94%E4%BF%9D%E6%BF%95-34?hcdl1=2&hcdl2=7&hcdl3=10
6,1,1,https://tw.shop.com/search/%E7%BE%8E%E5%A6%9D%E3%80%81%E4%BF%9D%E9%A4%8A-%E7%9A%AE%E8%86%9A%E4%BF%9D%E9%A4%8A%E4%BF%AE%E8%AD%B7-%E8%AD%B7%E8%86%9A%E7%94%A2%E5%93%81%E9%A1%9E%E5%9E%8B-%E6%89%8B%E9%83%A8%E4%BF%9D%E9%A4%8A%E7%94%A2%E5%93%81-34?hcdl1=2&hcdl2=7&hcdl3=11
6,1,1,https://tw.shop.com/search/%E7%BE%8E%E5%A6%9D%E3%80%81%E4%BF%9D%E9%A4%8A-%E7%9A%AE%E8%86%9A%E4%BF%9D%E9%A4%8A%E4%BF%AE%E8%AD%B7-%E8%AD%B7%E8%86%9A%E7%94%A2%E5%93%81%E9%A1%9E%E5%9E%8B-%E8%AD%B7%E8%86%9A%E5%B7%A5%E5%85%B7-34?hcdl1=2&hcdl2=7&hcdl3=12
6,1,1,https://tw.shop.com/search/%E7%BE%8E%E5%A6%9D%E3%80%81%E4%BF%9D%E9%A4%8A-%E7%9A%AE%E8%86%9A%E4%BF%9D%E9%A4%8A%E4%BF%AE%E8%AD%B7-%E8%AD%B7%E8%86%9A%E7%94%A2%E5%93%81%E9%A1%9E%E5%9E%8B-%E7%94%B7%E5%A3%AB%E8%82%8C%E8%86%9A%E4%BF%9D%E9%A4%8A-34?hcdl1=2&hcdl2=7&hcdl3=13
6,1,1,https://tw.shop.com/search/%E7%BE%8E%E5%A6%9D%E3%80%81%E4%BF%9D%E9%A4%8A-%E6%B4%97%E9%AB%AE%E3%80%81%E8%AD%B7%E9%AB%AE%E7%94%A2%E5%93%81-3?hcdl1=2&hcdl2=8&hcdl3=1
6,1,1,https://tw.shop.com/search/%E7%BE%8E%E5%A6%9D%E3%80%81%E4%BF%9D%E9%A4%8A-%E6%B4%97%E9%AB%AE%E3%80%81%E8%AD%B7%E9%AB%AE%E7%94%A2%E5%93%81-%E8%AD%B7%E9%AB%AE%E7%94%A2%E5%93%81%E9%A1%9E%E5%9E%8B-%E6%B4%97%E9%AB%AE%E7%B2%BE-34?hcdl1=2&hcdl2=8&hcdl3=2
6,1,1,https://tw.shop.com/search/%E7%BE%8E%E5%A6%9D%E3%80%81%E4%BF%9D%E9%A4%8A-%E6%B4%97%E9%AB%AE%E3%80%81%E8%AD%B7%E9%AB%AE%E7%94%A2%E5%93%81-%E8%AD%B7%E9%AB%AE%E7%94%A2%E5%93%81%E9%A1%9E%E5%9E%8B-%E8%AD%B7%E9%AB%AE-34?hcdl1=2&hcdl2=8&hcdl3=3
6,1,1,https://tw.shop.com/search/%E7%BE%8E%E5%A6%9D%E3%80%81%E4%BF%9D%E9%A4%8A-%E6%B4%97%E9%AB%AE%E3%80%81%E8%AD%B7%E9%AB%AE%E7%94%A2%E5%93%81-%E8%AD%B7%E9%AB%AE%E7%94%A2%E5%93%81%E9%A1%9E%E5%9E%8B-%E9%80%A0%E5%9E%8B%E7%94%A2%E5%93%81-34?hcdl1=2&hcdl2=8&hcdl3=4
6,1,1,https://tw.shop.com/search/%E7%BE%8E%E5%A6%9D%E3%80%81%E4%BF%9D%E9%A4%8A-%E6%B4%97%E6%89%8B%E3%80%81%E6%B2%90%E6%B5%B4%E7%94%A8%E5%93%81-3?nover=&hcdl1=2&hcdl2=9&hcdl3=1
6,1,1,https://tw.shop.com/search/%E7%BE%8E%E5%A6%9D%E3%80%81%E4%BF%9D%E9%A4%8A-%E6%B4%97%E6%89%8B%E3%80%81%E6%B2%90%E6%B5%B4%E7%94%A8%E5%93%81-%E6%B2%90%E6%B5%B4%E7%94%A2%E5%93%81%E9%A1%9E%E5%9E%8B-%E9%A6%99%E7%9A%82+~+%E6%B2%90%E6%B5%B4%E4%B9%B3-34?nover=&hcdl1=2&hcdl2=9&hcdl3=2
6,1,1,https://tw.shop.com/search/%E7%BE%8E%E5%A6%9D%E3%80%81%E4%BF%9D%E9%A4%8A-%E6%B4%97%E6%89%8B%E3%80%81%E6%B2%90%E6%B5%B4%E7%94%A8%E5%93%81-%E6%B2%90%E6%B5%B4%E7%94%A2%E5%93%81%E9%A1%9E%E5%9E%8B-%E8%BA%AB%E9%AB%94%E7%A3%A8%E7%A0%82%E5%8F%8A%E5%8E%BB%E8%A7%92%E8%B3%AA-34?nover=&hcdl1=2&hcdl2=9&hcdl3=3
6,1,1,https://tw.shop.com/search/%E7%BE%8E%E5%A6%9D%E3%80%81%E4%BF%9D%E9%A4%8A-%E6%B4%97%E6%89%8B%E3%80%81%E6%B2%90%E6%B5%B4%E7%94%A8%E5%93%81-%E6%B2%90%E6%B5%B4%E7%94%A2%E5%93%81%E9%A1%9E%E5%9E%8B-%E6%B4%97%E6%89%8B%E7%B2%BE-34?nover=&hcdl1=2&hcdl2=9&hcdl3=4
6,1,1,https://tw.shop.com/flawless-quiz?tkr=210210135650
6,1,1,https://tw.shop.com/food-a.xhtml?hcdl1=3&hcdl2=1
6,1,1,https://tw.shop.com/search/%E9%A3%9F%E5%93%81%E3%80%81%E9%A3%B2%E6%96%99-%E9%BA%B5%E5%8C%85%E3%80%81%E7%B3%95%E9%BB%9E-3?hcdl1=3&hcdl2=2&hcdl3=1
6,1,1,https://tw.shop.com/search/%E9%A3%9F%E5%93%81%E3%80%81%E9%A3%B2%E6%96%99-%E9%BA%B5%E5%8C%85%E3%80%81%E7%B3%95%E9%BB%9E-3?nover=&hcdl1=3&hcdl2=2&hcdl3=2
6,1,1,https://tw.shop.com/search/%E9%A3%9F%E5%93%81%E3%80%81%E9%A3%B2%E6%96%99-%E9%BA%B5%E5%8C%85%E3%80%81%E7%B3%95%E9%BB%9E-%E9%BA%B5%E5%8C%85%E3%80%81%E7%B3%95%E9%BB%9E%E9%A1%9E%E5%88%A5-%E9%A4%85%E4%B9%BE-34?hcdl1=3&hcdl2=2&hcdl3=3
6,1,1,https://tw.shop.com/search/%E9%A3%9F%E5%93%81%E3%80%81%E9%A3%B2%E6%96%99-%E9%BA%B5%E5%8C%85-2+?hcdl1=3&hcdl2=2&hcdl3=4
6,1,1,https://tw.shop.com/search/%E9%A3%9F%E5%93%81%E3%80%81%E9%A3%B2%E6%96%99-%E9%BA%B5%E5%8C%85%E3%80%81%E7%B3%95%E9%BB%9E-%E9%BA%B5%E5%8C%85%E3%80%81%E7%B3%95%E9%BB%9E%E9%A1%9E%E5%88%A5-%E8%A5%BF%E5%BC%8F%E9%A4%A1%E9%A4%85%E3%80%81%E6%92%BB-34?hcdl1=3&hcdl2=2&hcdl3=5
6,1,1,https://tw.shop.com/search/%E9%A3%9F%E5%93%81%E3%80%81%E9%A3%B2%E6%96%99-%E4%BC%91%E9%96%92%E9%9B%B6%E5%98%B4-3?nover=&hcdl1=3&hcdl2=3&hcdl3=1
6,1,1,https://tw.shop.com/search/%E9%A3%9F%E5%93%81%E3%80%81%E9%A3%B2%E6%96%99-%E4%BC%91%E9%96%92%E9%9B%B6%E5%98%B4-%E5%A0%85%E6%9E%9C-3+?hcdl1=3&hcdl2=3&hcdl3=2
6,1,1,https://tw.shop.com/search/%E9%A3%9F%E5%93%81%E3%80%81%E9%A3%B2%E6%96%99-%E4%BC%91%E9%96%92%E9%9B%B6%E5%98%B4-%E6%9E%9C%E4%B9%BE-3+?hcdl1=3&hcdl2=3&hcdl3=3
6,1,1,https://tw.shop.com/search/%E9%A3%9F%E5%93%81%E3%80%81%E9%A3%B2%E6%96%99-%E4%BC%91%E9%96%92%E9%9B%B6%E5%98%B4-%E8%9B%8B%E6%8D%B2-3+?hcdl1=3&hcdl2=3&hcdl3=4
6,1,1,https://tw.shop.com/search/%E9%A3%9F%E5%93%81%E3%80%81%E9%A3%B2%E6%96%99-%E4%BC%91%E9%96%92%E9%9B%B6%E5%98%B4-%E7%88%86%E7%B1%B3%E8%8A%B1-3+?hcdl1=3&hcdl2=3&hcdl3=5
6,1,1,https://tw.shop.com/search/%E9%A3%9F%E5%93%81%E3%80%81%E9%A3%B2%E6%96%99-%E9%A3%B2%E5%93%81-3?hcdl1=3&hcdl2=4&hcdl3=1
6,1,1,https://tw.shop.com/search/%E9%A3%9F%E5%93%81%E3%80%81%E9%A3%B2%E6%96%99-%E9%A3%B2%E5%93%81-%E9%A3%B2%E5%93%81%E9%A1%9E%E5%88%A5-%E8%8C%B6%E9%A3%B2-34?hcdl1=3&hcdl2=4&hcdl3=2
6,1,1,https://tw.shop.com/search/%E9%A3%9F%E5%93%81%E3%80%81%E9%A3%B2%E6%96%99-%E9%A3%B2%E5%93%81-%E9%A3%B2%E5%93%81%E9%A1%9E%E5%88%A5-%E5%92%96%E5%95%A1-34?hcdl1=3&hcdl2=4&hcdl3=3
6,1,1,https://tw.shop.com/search/%E6%B0%B4?hcdl1=3&hcdl2=4&hcdl3=4
6,1,1,https://tw.shop.com/search/%E9%A3%9F%E5%93%81%E3%80%81%E9%A3%B2%E6%96%99-%E9%A3%B2%E5%93%81-%E9%A3%B2%E5%93%81%E9%A1%9E%E5%88%A5-%E6%B0%B4%E6%9E%9C%E6%B1%81%E3%80%81%E8%94%AC%E8%8F%9C%E6%B1%81%E3%80%81%E6%BF%83%E7%B8%AE-34?hcdl1=3&hcdl2=4&hcdl3=5
6,1,1,https://tw.shop.com/search/%E9%A3%9F%E5%93%81%E3%80%81%E9%A3%B2%E6%96%99-%E5%B7%B2%E8%AA%BF%E7%90%86%E9%A3%9F%E5%93%81-3?hcdl1=3&hcdl2=5&hcdl3=1
6,1,1,https://tw.shop.com/search/%E9%A3%9F%E5%93%81%E3%80%81%E9%A3%B2%E6%96%99-%E5%B7%B2%E8%AA%BF%E7%90%86%E9%A3%9F%E5%93%81-%E6%B0%B4%E9%A4%83-3+?nover=&hcdl1=3&hcdl2=5&hcdl3=2
6,1,1,https://tw.shop.com/search/%E9%A3%9F%E5%93%81%E3%80%81%E9%A3%B2%E6%96%99-%E5%B7%B2%E8%AA%BF%E7%90%86%E9%A3%9F%E5%93%81-%E5%B7%B2%E8%AA%BF%E7%90%86%E9%A3%9F%E5%93%81%E9%A1%9E%E5%88%A5-%E4%B8%BB%E9%A3%9F%E3%80%81%E5%B0%8F%E8%8F%9C-%E4%B8%BB%E9%A3%9F%E3%80%81%E5%B0%8F%E8%8F%9C%E9%A1%9E%E5%88%A5-%E9%A4%A1%E9%A4%85%E3%80%81%E6%8A%93%E9%A4%85%E3%80%81%E8%94%A5%E6%B2%B9%E9%A4%85-344?nover=&hcdl1=3&hcdl2=5&hcdl3=3
6,1,1,https://tw.shop.com/search/%E9%A3%9F%E5%93%81%E3%80%81%E9%A3%B2%E6%96%99-%E5%B7%B2%E8%AA%BF%E7%90%86%E9%A3%9F%E5%93%81-%E5%B7%B2%E8%AA%BF%E7%90%86%E9%A3%9F%E5%93%81%E9%A1%9E%E5%88%A5-%E4%B8%BB%E9%A3%9F%E3%80%81%E5%B0%8F%E8%8F%9C-%E4%B8%BB%E9%A3%9F%E3%80%81%E5%B0%8F%E8%8F%9C%E9%A1%9E%E5%88%A5-%E5%8C%85%E5%AD%90%E3%80%81%E9%A5%85%E9%A0%AD-344?nover=&hcdl1=3&hcdl2=5&hcdl3=4
6,1,1,https://tw.shop.com/search/%E9%A3%9F%E5%93%81%E3%80%81%E9%A3%B2%E6%96%99-%E5%B7%B2%E8%AA%BF%E7%90%86%E9%A3%9F%E5%93%81-%E5%B7%B2%E8%AA%BF%E7%90%86%E9%A3%9F%E5%93%81%E9%A1%9E%E5%88%A5-%E4%B8%BB%E9%A3%9F%E3%80%81%E5%B0%8F%E8%8F%9C-%E4%B8%BB%E9%A3%9F%E3%80%81%E5%B0%8F%E8%8F%9C%E9%A1%9E%E5%88%A5-%E7%89%9B%E8%82%89%E9%BA%B5%E3%80%81%E6%B9%AF%E9%BA%B5-344?nover=&hcdl1=3&hcdl2=5&hcdl3=5
6,1,1,https://tw.shop.com/search/%E9%A3%9F%E5%93%81%E3%80%81%E9%A3%B2%E6%96%99-%E5%B7%B2%E8%AA%BF%E7%90%86%E9%A3%9F%E5%93%81-%E5%B7%B2%E8%AA%BF%E7%90%86%E9%A3%9F%E5%93%81%E9%A1%9E%E5%88%A5-%E4%B8%BB%E9%A3%9F%E3%80%81%E5%B0%8F%E8%8F%9C-%E4%B8%BB%E9%A3%9F%E3%80%81%E5%B0%8F%E8%8F%9C%E9%A1%9E%E5%88%A5-%E7%BE%A9%E5%A4%A7%E5%88%A9%E9%BA%B5%E3%80%81%E8%92%9F%E8%92%BB%E9%BA%B5-344?nover=&hcdl1=3&hcdl2=5&hcdl3=6
6,1,1,https://tw.shop.com/search/%E9%A3%9F%E5%93%81%E3%80%81%E9%A3%B2%E6%96%99-%E5%B7%B2%E8%AA%BF%E7%90%86%E9%A3%9F%E5%93%81-%E5%B7%B2%E8%AA%BF%E7%90%86%E9%A3%9F%E5%93%81%E9%A1%9E%E5%88%A5-%E7%86%9F%E9%A3%9F%E3%80%81%E6%BB%B7%E5%91%B3%E3%80%81%E7%85%99%E7%87%BB-34?hcdl1=3&hcdl2=6&hcdl3=1
6,1,1,https://tw.shop.com/search/%E9%A3%9F%E5%93%81%E3%80%81%E9%A3%B2%E6%96%99-%E8%82%89%E4%B9%BE-2+?hcdl1=3&hcdl2=6&hcdl3=2
6,1,1,https://tw.shop.com/search/%E9%A3%9F%E5%93%81%E3%80%81%E9%A3%B2%E6%96%99-%E6%B3%A1%E8%8F%9C-2+?hcdl1=3&hcdl2=6&hcdl3=3
6,1,1,https://tw.shop.com/search/%E9%A3%9F%E5%93%81%E3%80%81%E9%A3%B2%E6%96%99-%E8%B1%86%E5%B9%B2-2+?hcdl1=3&hcdl2=6&hcdl3=4
6,1,1,https://tw.shop.com/search/%E9%A3%9F%E5%93%81%E3%80%81%E9%A3%B2%E6%96%99-%E5%B7%B2%E8%AA%BF%E7%90%86%E9%A3%9F%E5%93%81-%E5%B7%B2%E8%AA%BF%E7%90%86%E9%A3%9F%E5%93%81%E9%A1%9E%E5%88%A5-%E7%86%9F%E9%A3%9F%E3%80%81%E6%BB%B7%E5%91%B3%E3%80%81%E7%85%99%E7%87%BB-%E7%86%9F%E9%A3%9F%E3%80%81%E6%BB%B7%E5%91%B3%E3%80%81%E7%85%99%E7%87%BB-%E9%B3%B3%E7%88%AA%E3%80%81%E9%B4%A8%E7%BF%85+%E3%80%81%E9%B5%9D%E9%B4%A8%E6%BB%B7%E5%91%B3-344?nover=&hcdl1=3&hcdl2=6&hcdl3=5
6,1,1,https://tw.shop.com/search/%E9%A3%9F%E5%93%81%E3%80%81%E9%A3%B2%E6%96%99-%E8%82%89%E9%A1%9E%E3%80%81%E5%AE%B6%E7%A6%BD%E3%80%81%E6%B5%B7%E9%AE%AE-3?hcdl1=3&hcdl2=7&hcdl3=1
6,1,1,https://tw.shop.com/search/%E9%A3%9F%E5%93%81%E3%80%81%E9%A3%B2%E6%96%99-%E8%82%89%E9%A1%9E%E3%80%81%E5%AE%B6%E7%A6%BD%E3%80%81%E6%B5%B7%E9%AE%AE-%E8%82%89%E9%A1%9E%E3%80%81%E5%AE%B6%E7%A6%BD%E3%80%81%E6%B5%B7%E9%AE%AE%E9%A1%9E%E5%88%A5-%E7%89%9B%E8%82%89-34?nover=&hcdl1=3&hcdl2=7&hcdl3=2
6,1,1,https://tw.shop.com/search/%E9%A3%9F%E5%93%81%E3%80%81%E9%A3%B2%E6%96%99-%E8%82%89%E9%A1%9E%E3%80%81%E5%AE%B6%E7%A6%BD%E3%80%81%E6%B5%B7%E9%AE%AE-%E8%82%89%E9%A1%9E%E3%80%81%E5%AE%B6%E7%A6%BD%E3%80%81%E6%B5%B7%E9%AE%AE%E9%A1%9E%E5%88%A5-%E8%B1%AC%E8%82%89-34?nover=&hcdl1=3&hcdl2=7&hcdl3=3
6,1,1,https://tw.shop.com/search/%E9%A3%9F%E5%93%81%E3%80%81%E9%A3%B2%E6%96%99-%E8%82%89%E9%A1%9E%E3%80%81%E5%AE%B6%E7%A6%BD%E3%80%81%E6%B5%B7%E9%AE%AE-%E8%82%89%E9%A1%9E%E3%80%81%E5%AE%B6%E7%A6%BD%E3%80%81%E6%B5%B7%E9%AE%AE%E9%A1%9E%E5%88%A5-%E9%9B%9E%E8%82%89-34?nover=&hcdl1=3&hcdl2=7&hcdl3=4
6,1,1,https://tw.shop.com/search/%E9%A3%9F%E5%93%81%E3%80%81%E9%A3%B2%E6%96%99-%E8%82%89%E9%A1%9E%E3%80%81%E5%AE%B6%E7%A6%BD%E3%80%81%E6%B5%B7%E9%AE%AE-%E8%82%89%E9%A1%9E%E3%80%81%E5%AE%B6%E7%A6%BD%E3%80%81%E6%B5%B7%E9%AE%AE%E9%A1%9E%E5%88%A5-%E9%AD%9A-34?nover=&hcdl1=3&hcdl2=7&hcdl3=5
6,1,1,https://tw.shop.com/search/%E9%A3%9F%E5%93%81%E3%80%81%E9%A3%B2%E6%96%99-%E8%82%89%E9%A1%9E%E3%80%81%E5%AE%B6%E7%A6%BD%E3%80%81%E6%B5%B7%E9%AE%AE-%E8%82%89%E9%A1%9E%E3%80%81%E5%AE%B6%E7%A6%BD%E3%80%81%E6%B5%B7%E9%AE%AE%E9%A1%9E%E5%88%A5-%E8%B2%9D%E9%A1%9E-34?nover=&hcdl1=3&hcdl2=7&hcdl3=6
6,1,1,https://tw.shop.com/search/%E9%A3%9F%E5%93%81%E3%80%81%E9%A3%B2%E6%96%99-%E5%86%B0%E5%93%81%E3%80%81%E4%B9%B3%E8%A3%BD%E5%93%81-3?hcdl1=3&hcdl2=8&hcdl3=1
6,1,1,https://tw.shop.com/search/%E9%A3%9F%E5%93%81%E3%80%81%E9%A3%B2%E6%96%99-%E5%86%B0%E5%93%81%E3%80%81%E4%B9%B3%E8%A3%BD%E5%93%81-%E5%86%B0%E5%93%81%E3%80%81%E4%B9%B3%E8%A3%BD%E5%93%81%E9%A1%9E%E5%88%A5-%E5%A5%B6-34?hcdl1=3&hcdl2=8&hcdl3=2
6,1,1,https://tw.shop.com/search/%E9%A3%9F%E5%93%81%E3%80%81%E9%A3%B2%E6%96%99-%E5%86%B0%E5%93%81%E3%80%81%E4%B9%B3%E8%A3%BD%E5%93%81-%E5%86%B0%E5%93%81%E3%80%81%E4%B9%B3%E8%A3%BD%E5%93%81%E9%A1%9E%E5%88%A5-%E5%86%B0%E6%B7%87%E6%B7%8B%E3%80%81%E5%86%B0%E6%A3%92-34?hcdl1=3&hcdl2=8&hcdl3=3
6,1,1,https://tw.shop.com/search/%E9%A3%9F%E5%93%81%E3%80%81%E9%A3%B2%E6%96%99-%E5%86%B0%E5%93%81%E3%80%81%E4%B9%B3%E8%A3%BD%E5%93%81-%E5%86%B0%E5%93%81%E3%80%81%E4%B9%B3%E8%A3%BD%E5%93%81%E9%A1%9E%E5%88%A5-%E8%B5%B7%E5%8F%B8-34?hcdl1=3&hcdl2=8&hcdl3=4
6,1,1,https://tw.shop.com/search/%E9%A3%9F%E5%93%81%E3%80%81%E9%A3%B2%E6%96%99-%E5%86%B0%E5%93%81%E3%80%81%E4%B9%B3%E8%A3%BD%E5%93%81-%E5%84%AA%E6%A0%BC-3+?hcdl1=3&hcdl2=8&hcdl3=5
6,1,1,https://tw.shop.com/nbts/cid108754-vid286186-xservice-link%5Foff.xhtml
6,1,1,https://tw.shop.com/Home+Store-a.xhtml?hcdl1=4&hcdl2=1
6,1,1,https://tw.shop.com/search/%E5%B1%85%E5%AE%B6%E7%94%A8%E5%93%81%E3%80%81%E5%82%A2%E4%BF%B1-%E5%A4%A7%E5%9E%8B%E7%94%9F%E6%B4%BB%E5%AE%B6%E9%9B%BB-3?nover=&k=30&hcdl1=4&hcdl2=2&hcdl3=1
6,1,1,https://tw.shop.com/search/%E5%B1%85%E5%AE%B6%E7%94%A8%E5%93%81%E3%80%81%E5%82%A2%E4%BF%B1-%E5%A4%A7%E5%9E%8B%E7%94%9F%E6%B4%BB%E5%AE%B6%E9%9B%BB-%E5%A4%A7%E5%9E%8B%E5%AE%B6%E9%9B%BB%E9%A1%9E%E5%9E%8B-%E5%90%B8%E5%A1%B5%E5%99%A8%E3%80%81%E5%90%B8%E5%A1%B5%E5%99%A8%E9%85%8D%E4%BB%B6-34?nover=&k=30&hcdl1=4&hcdl2=2&hcdl3=2
6,1,1,https://tw.shop.com/search/%E6%8E%83%E5%9C%B0%E6%A9%9F?hcdl1=4&hcdl2=2&hcdl3=3
6,1,1,https://tw.shop.com/search/%E5%B1%85%E5%AE%B6%E7%94%A8%E5%93%81%E3%80%81%E5%82%A2%E4%BF%B1-%E5%A4%A7%E5%9E%8B%E7%94%9F%E6%B4%BB%E5%AE%B6%E9%9B%BB-%E5%A4%A7%E5%9E%8B%E5%AE%B6%E9%9B%BB%E9%A1%9E%E5%9E%8B-%E5%86%B0%E7%AE%B1-34?nover=&k=30&hcdl1=4&hcdl2=2&hcdl3=4
6,1,1,https://tw.shop.com/search/%E5%B1%85%E5%AE%B6%E7%94%A8%E5%93%81%E3%80%81%E5%82%A2%E4%BF%B1-%E5%A4%A7%E5%9E%8B%E7%94%9F%E6%B4%BB%E5%AE%B6%E9%9B%BB-%E5%A4%A7%E5%9E%8B%E5%AE%B6%E9%9B%BB%E9%A1%9E%E5%9E%8B-%E6%B4%97%E8%A1%A3%E6%A9%9F-34?nover=&k=30&hcdl1=4&hcdl2=2&hcdl3=5
6,1,1,https://tw.shop.com/search/%E5%B1%85%E5%AE%B6%E7%94%A8%E5%93%81%E3%80%81%E5%82%A2%E4%BF%B1-%E5%A4%A7%E5%9E%8B%E7%94%9F%E6%B4%BB%E5%AE%B6%E9%9B%BB-%E5%A4%A7%E5%9E%8B%E5%AE%B6%E9%9B%BB%E9%A1%9E%E5%9E%8B-%E6%8E%9B%E7%87%99%E6%A9%9F%E3%80%81%E7%86%A8%E6%96%97-34?nover=&hcdl1=4&hcdl2=2&hcdl3=6
6,1,1,https://tw.shop.com/search/%E5%B1%85%E5%AE%B6%E7%94%A8%E5%93%81%E3%80%81%E5%82%A2%E4%BF%B1-%E5%BB%9A%E6%88%BF%E3%80%81%E9%A4%90%E5%BB%B3-%E5%BB%9A%E6%88%BF%E3%80%81%E9%A4%90%E5%BB%B3%E7%94%A2%E5%93%81%E9%A1%9E%E5%88%A5-%E5%B0%8F%E5%9E%8B%E7%94%9F%E6%B4%BB%E5%AE%B6%E9%9B%BB-34?hcdl1=4&hcdl2=3&hcdl3=1
6,1,1,https://tw.shop.com/search/%E5%B1%85%E5%AE%B6%E7%94%A8%E5%93%81%E3%80%81%E5%82%A2%E4%BF%B1-%E5%BB%9A%E6%88%BF%E3%80%81%E9%A4%90%E5%BB%B3-%E5%BB%9A%E6%88%BF%E3%80%81%E9%A4%90%E5%BB%B3%E7%94%A2%E5%93%81%E9%A1%9E%E5%88%A5-%E5%B0%8F%E5%9E%8B%E7%94%9F%E6%B4%BB%E5%AE%B6%E9%9B%BB-%E5%B0%8F%E5%9E%8B%E5%BB%9A%E6%88%BF%E5%AE%B6%E9%9B%BB%E9%A1%9E%E5%9E%8B-%E6%B0%A3%E7%82%B8%E9%8D%8B-344?hcdl1=4&hcdl2=3&hcdl3=2
6,1,1,https://tw.shop.com/search/%E5%B1%85%E5%AE%B6%E7%94%A8%E5%93%81%E3%80%81%E5%82%A2%E4%BF%B1-%E5%BB%9A%E6%88%BF%E3%80%81%E9%A4%90%E5%BB%B3-%E5%BB%9A%E6%88%BF%E3%80%81%E9%A4%90%E5%BB%B3%E7%94%A2%E5%93%81%E9%A1%9E%E5%88%A5-%E5%B0%8F%E5%9E%8B%E7%94%9F%E6%B4%BB%E5%AE%B6%E9%9B%BB-%E5%B0%8F%E5%9E%8B%E5%BB%9A%E6%88%BF%E5%AE%B6%E9%9B%BB%E9%A1%9E%E5%9E%8B-%E9%9B%BB%E9%8D%8B-344?hcdl1=4&hcdl2=3&hcdl3=3
6,1,1,https://tw.shop.com/search/%E5%B1%85%E5%AE%B6%E7%94%A8%E5%93%81%E3%80%81%E5%82%A2%E4%BF%B1-%E5%BB%9A%E6%88%BF%E3%80%81%E9%A4%90%E5%BB%B3-%E5%BB%9A%E6%88%BF%E3%80%81%E9%A4%90%E5%BB%B3%E7%94%A2%E5%93%81%E9%A1%9E%E5%88%A5-%E5%B0%8F%E5%9E%8B%E7%94%9F%E6%B4%BB%E5%AE%B6%E9%9B%BB-%E5%B0%8F%E5%9E%8B%E5%BB%9A%E6%88%BF%E5%AE%B6%E9%9B%BB%E9%A1%9E%E5%9E%8B-%E7%83%A4%E7%AE%B1-344?hcdl1=4&hcdl2=3&hcdl3=4
6,1,1,https://tw.shop.com/search/%E5%B1%85%E5%AE%B6%E7%94%A8%E5%93%81%E3%80%81%E5%82%A2%E4%BF%B1-%E5%BB%9A%E6%88%BF%E3%80%81%E9%A4%90%E5%BB%B3-%E5%92%96%E5%95%A1%E6%A9%9F-%E5%BB%9A%E6%88%BF%E3%80%81%E9%A4%90%E5%BB%B3%E7%94%A2%E5%93%81%E9%A1%9E%E5%88%A5-%E5%B0%8F%E5%9E%8B%E7%94%9F%E6%B4%BB%E5%AE%B6%E9%9B%BB-3+4?hcdl1=4&hcdl2=3&hcdl3=5
6,1,1,https://tw.shop.com/search/%E5%B1%85%E5%AE%B6%E7%94%A8%E5%93%81%E3%80%81%E5%82%A2%E4%BF%B1-%E5%BB%9A%E6%88%BF%E3%80%81%E9%A4%90%E5%BB%B3-%E5%BB%9A%E6%88%BF%E3%80%81%E9%A4%90%E5%BB%B3%E7%94%A2%E5%93%81%E9%A1%9E%E5%88%A5-%E5%B0%8F%E5%9E%8B%E7%94%9F%E6%B4%BB%E5%AE%B6%E9%9B%BB-%E5%B0%8F%E5%9E%8B%E5%BB%9A%E6%88%BF%E5%AE%B6%E9%9B%BB%E9%A1%9E%E5%9E%8B-%E5%BE%AE%E6%B3%A2%E7%88%90-344?nover=&hcdl1=4&hcdl2=3&hcdl3=6
6,1,1,https://tw.shop.com/search/%E7%BE%8E%E5%A6%9D%E3%80%81%E4%BF%9D%E9%A4%8A-%E7%BE%8E%E9%AB%AE%E3%80%81%E9%80%A0%E5%9E%8B%E7%94%A8%E5%93%81-%E5%90%B9%E9%A2%A8%E6%A9%9F-3+?sort_popular=&t=0&hcdl1=4&hcdl2=4&hcdl3=2
6,1,1,https://tw.shop.com/search/%E7%BE%8E%E5%A6%9D%E3%80%81%E4%BF%9D%E9%A4%8A-%E5%88%AE%E6%AF%9B%E3%80%81%E9%99%A4%E6%AF%9B%E5%B7%A5%E5%85%B7-%E9%99%A4%E6%AF%9B%E5%B7%A5%E5%85%B7%E9%A1%9E%E5%9E%8B-%E9%9B%BB%E5%8B%95%E5%88%AE%E9%AC%8D%E5%88%80-34?nover=&hcdl1=4&hcdl2=4&hcdl3=3
6,1,1,https://tw.shop.com/search/%E9%9B%BB%E5%8B%95%E7%89%99%E5%88%B7?hcdl1=4&hcdl2=4&hcdl3=4
6,1,1,https://tw.shop.com/search/%E6%8C%89%E6%91%A9%E6%A7%8D?hcdl1=4&hcdl2=4&hcdl3=5
6,1,1,https://tw.shop.com/search/%E6%B0%B4%E6%B0%A7%E6%A9%9F?hcdl1=4&hcdl2=4&hcdl3=6
6,1,1,https://tw.shop.com/search/%E5%B1%85%E5%AE%B6%E7%94%A8%E5%93%81%E3%80%81%E5%82%A2%E4%BF%B1-%E5%86%B7%E6%9A%96%E6%B0%A3%E3%80%81%E7%A9%BA%E6%B0%A3%E5%93%81%E8%B3%AA-3?nover=&hcdl1=4&hcdl2=5&hcdl3=1
6,1,1,https://tw.shop.com/search/%E5%B1%85%E5%AE%B6%E7%94%A8%E5%93%81%E3%80%81%E5%82%A2%E4%BF%B1-%E5%86%B7%E6%9A%96%E6%B0%A3%E3%80%81%E7%A9%BA%E6%B0%A3%E5%93%81%E8%B3%AA-%E5%86%B7%E6%9A%96%E6%B0%A3%E3%80%81%E7%A9%BA%E6%B0%A3%E5%93%81%E8%B3%AA%E7%94%A2%E5%93%81%E9%A1%9E%E5%88%A5-%E9%9B%BB%E9%A2%A8%E6%89%87-34?nover=&hcdl1=4&hcdl2=5&hcdl3=2
6,1,1,https://tw.shop.com/search/%E5%B1%85%E5%AE%B6%E7%94%A8%E5%93%81%E3%80%81%E5%82%A2%E4%BF%B1-%E5%86%B7%E6%9A%96%E6%B0%A3%E3%80%81%E7%A9%BA%E6%B0%A3%E5%93%81%E8%B3%AA-%E5%86%B7%E6%9A%96%E6%B0%A3%E3%80%81%E7%A9%BA%E6%B0%A3%E5%93%81%E8%B3%AA%E7%94%A2%E5%93%81%E9%A1%9E%E5%88%A5-%E7%A9%BA%E6%B0%A3%E6%BF%BE%E6%B8%85%E5%99%A8-34?nover=&hcdl1=4&hcdl2=5&hcdl3=3
6,1,1,https://tw.shop.com/search/%E5%B1%85%E5%AE%B6%E7%94%A8%E5%93%81%E3%80%81%E5%82%A2%E4%BF%B1-%E5%86%B7%E6%9A%96%E6%B0%A3%E3%80%81%E7%A9%BA%E6%B0%A3%E5%93%81%E8%B3%AA-%E5%86%B7%E6%9A%96%E6%B0%A3%E3%80%81%E7%A9%BA%E6%B0%A3%E5%93%81%E8%B3%AA%E7%94%A2%E5%93%81%E9%A1%9E%E5%88%A5-%E5%86%B7%E6%B0%A3%E6%A9%9F-34?nover=&hcdl1=4&hcdl2=5&hcdl3=4
6,1,1,https://tw.shop.com/search/%E5%B1%85%E5%AE%B6%E7%94%A8%E5%93%81%E3%80%81%E5%82%A2%E4%BF%B1-%E5%86%B7%E6%9A%96%E6%B0%A3%E3%80%81%E7%A9%BA%E6%B0%A3%E5%93%81%E8%B3%AA-%E5%86%B7%E6%9A%96%E6%B0%A3%E3%80%81%E7%A9%BA%E6%B0%A3%E5%93%81%E8%B3%AA%E7%94%A2%E5%93%81%E9%A1%9E%E5%88%A5-%E9%99%A4%E6%BF%95%E6%A9%9F-34?nover=&hcdl1=4&hcdl2=5&hcdl3=5
6,1,1,https://tw.shop.com/search/%E5%B1%85%E5%AE%B6%E7%94%A8%E5%93%81%E3%80%81%E5%82%A2%E4%BF%B1-%E5%86%B7%E6%9A%96%E6%B0%A3%E3%80%81%E7%A9%BA%E6%B0%A3%E5%93%81%E8%B3%AA-%E9%9B%BB%E6%9A%96-3+?hcdl1=4&hcdl2=5&hcdl3=6
6,1,1,https://tw.shop.com/search/%E5%B1%85%E5%AE%B6%E7%94%A8%E5%93%81%E3%80%81%E5%82%A2%E4%BF%B1-%E6%94%B6%E7%B4%8D%E7%94%A8%E5%93%81-3?sort_popular=&nover=&t=0&k=90&hcdl1=4&hcdl2=6&hcdl3=2
6,1,1,https://tw.shop.com/search/%E5%B1%85%E5%AE%B6%E7%94%A8%E5%93%81%E3%80%81%E5%82%A2%E4%BF%B1-%E5%9F%BA%E6%9C%AC%E5%B1%85%E5%AE%B6%E7%94%A8%E5%93%81-%E8%A1%9B%E7%94%9F%E7%B4%99-3+?sort_popular=&nover=&t=0&k=90&hcdl1=4&hcdl2=6&hcdl3=3
6,1,1,https://tw.shop.com/search/%E5%B1%85%E5%AE%B6%E7%94%A8%E5%93%81%E3%80%81%E5%82%A2%E4%BF%B1-%E5%9F%BA%E6%9C%AC%E5%B1%85%E5%AE%B6%E7%94%A8%E5%93%81-%E5%9F%BA%E6%9C%AC%E5%B1%85%E5%AE%B6%E7%94%A8%E5%93%81%E9%A1%9E%E5%9E%8B-%E6%B8%85%E6%BD%94%E7%94%A8%E5%93%81-34?nover=&hcdl1=4&hcdl2=6&hcdl3=4
6,1,1,https://tw.shop.com/search/%E5%B1%85%E5%AE%B6%E7%94%A8%E5%93%81%E3%80%81%E5%82%A2%E4%BF%B1-%E5%9F%BA%E6%9C%AC%E5%B1%85%E5%AE%B6%E7%94%A8%E5%93%81-%E5%9F%BA%E6%9C%AC%E5%B1%85%E5%AE%B6%E7%94%A8%E5%93%81%E9%A1%9E%E5%9E%8B-%E5%AE%B6%E7%94%A8%E6%B8%85%E6%BD%94%E5%8A%91-34?nover=&hcdl1=4&hcdl2=6&hcdl3=5
6,1,1,https://tw.shop.com/search/%E5%B1%85%E5%AE%B6%E7%94%A8%E5%93%81%E3%80%81%E5%82%A2%E4%BF%B1-%E5%9F%BA%E6%9C%AC%E5%B1%85%E5%AE%B6%E7%94%A8%E5%93%81-%E5%9F%BA%E6%9C%AC%E5%B1%85%E5%AE%B6%E7%94%A8%E5%93%81%E9%A1%9E%E5%9E%8B-%E7%A9%BA%E6%B0%A3%E6%B8%85%E6%96%B0%E5%8A%91-34?nover=&hcdl1=4&hcdl2=6&hcdl3=6
6,1,1,https://tw.shop.com/search/%E5%B1%85%E5%AE%B6%E7%94%A8%E5%93%81%E3%80%81%E5%82%A2%E4%BF%B1-%E5%BB%9A%E6%88%BF%E3%80%81%E9%A4%90%E5%BB%B3-%E5%BB%9A%E6%88%BF%E3%80%81%E9%A4%90%E5%BB%B3%E7%94%A2%E5%93%81%E9%A1%9E%E5%88%A5-%E5%90%84%E5%8A%9F%E8%83%BD%E9%8D%8B%E5%85%B7-34?nover=&hcdl1=4&hcdl2=7&hcdl3=2
6,1,1,https://tw.shop.com/search/%E5%B1%85%E5%AE%B6%E7%94%A8%E5%93%81%E3%80%81%E5%82%A2%E4%BF%B1-%E5%BB%9A%E6%88%BF%E3%80%81%E9%A4%90%E5%BB%B3-%E5%BB%9A%E6%88%BF%E3%80%81%E9%A4%90%E5%BB%B3%E7%94%A2%E5%93%81%E9%A1%9E%E5%88%A5-%E9%A4%90%E7%A2%97%E7%9B%A4-34?nover=&hcdl1=4&hcdl2=7&hcdl3=3
6,1,1,https://tw.shop.com/search/%E5%B1%85%E5%AE%B6%E7%94%A8%E5%93%81%E3%80%81%E5%82%A2%E4%BF%B1-%E5%BB%9A%E6%88%BF%E3%80%81%E9%A4%90%E5%BB%B3-%E5%BB%9A%E6%88%BF%E3%80%81%E9%A4%90%E5%BB%B3%E7%94%A2%E5%93%81%E9%A1%9E%E5%88%A5-%E5%90%84%E5%8A%9F%E8%83%BD%E6%9D%AF%E7%93%B6%E5%A3%BA-34?nover=&hcdl1=4&hcdl2=7&hcdl3=4
6,1,1,https://tw.shop.com/search/%E5%B1%85%E5%AE%B6%E7%94%A8%E5%93%81%E3%80%81%E5%82%A2%E4%BF%B1-%E5%BB%9A%E6%88%BF%E3%80%81%E9%A4%90%E5%BB%B3-%E5%BB%9A%E6%88%BF%E3%80%81%E9%A4%90%E5%BB%B3%E7%94%A2%E5%93%81%E9%A1%9E%E5%88%A5-%E7%83%98%E5%9F%B9%E5%99%A8%E5%85%B7-34?nover=&hcdl1=4&hcdl2=7&hcdl3=5
6,1,1,https://tw.shop.com/search/%E5%BB%9A%E5%85%B7?hcdl1=4&hcdl2=7&hcdl3=6
6,1,1,"https://tw.shop.com/search/%E5%B1%85%E5%AE%B6%E7%94%A8%E5%93%81%E3%80%81%E5%82%A2%E4%BF%B1-%E5%AF%A2%E5%85%B7%E3%80%81%E6%A3%89%E8%A2%AB%E3%80%81%E5%BA%8A%E5%8C%85-%E6%A3%89%E8%A2%AB%E3%80%81%E5%BA%8A%E5%8C%85-%E5%AF%A2%E5%85%B7%E9%A1%9E%E5%9E%8B-%E8%A2%AB%E5%AD%90,%E6%AF%AF%E5%AD%90-3+4?hcdl1=4&hcdl2=8&hcdl3=1"
6,1,1,https://tw.shop.com/search/%E5%B1%85%E5%AE%B6%E7%94%A8%E5%93%81%E3%80%81%E5%82%A2%E4%BF%B1-%E5%82%A2%E4%BF%B1-%E5%BA%8A%E5%A2%8A-3+?hcdl1=4&hcdl2=8&hcdl3=2
6,1,1,https://tw.shop.com/search/%E5%B1%85%E5%AE%B6%E7%94%A8%E5%93%81%E3%80%81%E5%82%A2%E4%BF%B1-%E5%AF%A2%E5%85%B7%E3%80%81%E6%A3%89%E8%A2%AB%E3%80%81%E5%BA%8A%E5%8C%85-3?nover=&hcdl1=4&hcdl2=8&hcdl3=3
6,1,1,https://tw.shop.com/search/%E5%B1%85%E5%AE%B6%E7%94%A8%E5%93%81%E3%80%81%E5%82%A2%E4%BF%B1-%E5%9C%B0%E6%AF%AF-3?nover=&hcdl1=4&hcdl2=8&hcdl3=4
6,1,1,https://tw.shop.com/search/%E5%B1%85%E5%AE%B6%E7%94%A8%E5%93%81%E3%80%81%E5%82%A2%E4%BF%B1-%E5%82%A2%E4%BF%B1-3?nover=&hcdl1=4&hcdl2=8&hcdl3=5
6,1,1,https://tw.shop.com/search/%E5%B1%85%E5%AE%B6%E7%94%A8%E5%93%81%E3%80%81%E5%82%A2%E4%BF%B1-%E4%BD%88%E7%BD%AE%E6%93%BA%E8%A8%AD-3?nover=&hcdl1=4&hcdl2=8&hcdl3=6
6,1,1,https://tw.shop.com/search/%E5%B1%85%E5%AE%B6%E7%94%A8%E5%93%81%E3%80%81%E5%82%A2%E4%BF%B1-%E8%A1%9B%E6%B5%B4-3?nover=&hcdl1=4&hcdl2=9&hcdl3=1
6,1,1,https://tw.shop.com/search/%E5%B1%85%E5%AE%B6%E7%94%A8%E5%93%81%E3%80%81%E5%82%A2%E4%BF%B1-%E8%A1%9B%E6%B5%B4-%E8%A1%9B%E6%B5%B4%E7%94%A8%E5%93%81%E9%A1%9E%E5%9E%8B-%E6%AF%9B%E5%B7%BE-34?nover=&hcdl1=4&hcdl2=9&hcdl3=2
6,1,1,"https://tw.shop.com/search/%E5%B1%85%E5%AE%B6%E7%94%A8%E5%93%81%E3%80%81%E5%82%A2%E4%BF%B1-%E8%A1%9B%E6%B5%B4-%E8%A1%9B%E6%B5%B4%E7%94%A8%E5%93%81%E9%A1%9E%E5%9E%8B-%E6%B5%B4%E7%B0%BE%E5%B7%BE,%E9%89%A4,%E6%9E%B6%E9%A1%9E%E5%9E%8B-34?nover=&hcdl1=4&hcdl2=9&hcdl3=3"
6,1,1,https://tw.shop.com/search/%E5%B1%85%E5%AE%B6%E7%94%A8%E5%93%81%E3%80%81%E5%82%A2%E4%BF%B1-%E8%A1%9B%E6%B5%B4-%E8%A1%9B%E6%B5%B4%E7%94%A8%E5%93%81%E9%A1%9E%E5%9E%8B-%E8%A1%9B%E6%B5%B4%E6%94%B6%E7%B4%8D%E3%80%81%E7%BD%AE%E7%89%A9-34?nover=&hcdl1=4&hcdl2=9&hcdl3=4
6,1,1,https://tw.shop.com/search/%E5%B1%85%E5%AE%B6%E7%94%A8%E5%93%81%E3%80%81%E5%82%A2%E4%BF%B1-%E8%A1%9B%E6%B5%B4-%E8%A1%9B%E6%B5%B4%E7%94%A8%E5%93%81%E9%A1%9E%E5%9E%8B-%E5%BB%81%E6%89%80%E5%88%B7-34?nover=&hcdl1=4&hcdl2=9&hcdl3=5
6,1,1,https://tw.shop.com/search/%E5%9E%83%E5%9C%BE%E6%A1%B6?hcdl1=4&hcdl2=9&hcdl3=6
6,1,1,https://tw.shop.com/nbts/cid110954-vid290549-xservice-link%5Foff.xhtml?tkr=220502001212
6,1,1,https://tw.shop.com/Clothes-a.xhtml?hcdl1=5&hcdl2=1
6,1,1,https://tw.shop.com/search/%E6%9C%8D%E8%A3%9D%E3%80%81%E9%85%8D%E4%BB%B6-%E6%B7%91%E5%A5%B3-3?nover=&hcdl1=5&hcdl2=2&hcdl3=1
6,1,1,https://tw.shop.com/search/%E6%9C%8D%E8%A3%9D%E3%80%81%E9%85%8D%E4%BB%B6-%E6%B7%91%E5%A5%B3-%E6%B7%91%E5%A5%B3%E6%9C%8D%E9%A3%BE%E9%A1%9E%E5%9E%8B-%E5%85%A7%E8%A1%A3%E5%92%8C%E5%85%A7%E8%A4%B2-34?nover=&hcdl1=5&hcdl2=2&hcdl3=2
6,1,1,"https://tw.shop.com/search/%E6%9C%8D%E8%A3%9D%E3%80%81%E9%85%8D%E4%BB%B6-%E6%B7%91%E5%A5%B3-%E6%B7%91%E5%A5%B3%E6%9C%8D%E9%A3%BE%E9%A1%9E%E5%9E%8B-%E8%A5%AF%E8%A1%AB,+%E4%B8%8A%E8%A1%A3-34?nover=&hcdl1=5&hcdl2=2&hcdl3=3"
6,1,1,https://tw.shop.com/search/%E6%9C%8D%E8%A3%9D%E3%80%81%E9%85%8D%E4%BB%B6-%E6%B7%91%E5%A5%B3-%E6%B7%91%E5%A5%B3%E6%9C%8D%E9%A3%BE%E9%A1%9E%E5%9E%8B-%E6%B4%8B%E8%A3%9D-34?nover=&hcdl1=5&hcdl2=2&hcdl3=4
6,1,1,https://tw.shop.com/search/%E6%9C%8D%E8%A3%9D%E3%80%81%E9%85%8D%E4%BB%B6-%E6%B7%91%E5%A5%B3-%E6%B7%91%E5%A5%B3%E6%9C%8D%E9%A3%BE%E9%A1%9E%E5%9E%8B-%E7%9F%AD%E8%A4%B2-34?nover=&hcdl1=5&hcdl2=2&hcdl3=5
6,1,1,https://tw.shop.com/search/%E6%9C%8D%E8%A3%9D%E3%80%81%E9%85%8D%E4%BB%B6-%E6%B7%91%E5%A5%B3-%E6%B7%91%E5%A5%B3%E6%9C%8D%E9%A3%BE%E9%A1%9E%E5%9E%8B-%E9%81%8B%E5%8B%95%E6%9C%8D-34?nover=&hcdl1=5&hcdl2=2&hcdl3=6
6,1,1,https://tw.shop.com/search/%E6%9C%8D%E8%A3%9D%E3%80%81%E9%85%8D%E4%BB%B6-%E7%94%B7%E5%A3%AB-3?nover=&hcdl1=5&hcdl2=3&hcdl3=1
6,1,1,https://tw.shop.com/search/%E6%9C%8D%E8%A3%9D%E3%80%81%E9%85%8D%E4%BB%B6-%E7%94%B7%E5%A3%AB-%E7%94%B7%E5%A3%AB%E6%9C%8D%E9%A3%BE%E9%A1%9E%E5%9E%8B-%E4%B8%8A%E8%A1%A3-34?nover=&hcdl1=5&hcdl2=3&hcdl3=2
6,1,1,https://tw.shop.com/search/%E6%9C%8D%E8%A3%9D%E3%80%81%E9%85%8D%E4%BB%B6-%E7%94%B7%E5%A3%AB-%E7%94%B7%E5%A3%AB%E6%9C%8D%E9%A3%BE%E9%A1%9E%E5%9E%8B-%E9%81%8B%E5%8B%95%E6%9C%8D-34?nover=&hcdl1=5&hcdl2=3&hcdl3=3
6,1,1,https://tw.shop.com/search/%E6%9C%8D%E8%A3%9D%E3%80%81%E9%85%8D%E4%BB%B6-%E7%94%B7%E5%A3%AB-%E7%94%B7%E5%A3%AB%E6%9C%8D%E9%A3%BE%E9%A1%9E%E5%9E%8B-%E5%85%A7%E8%A1%A3%E8%A4%B2-34?nover=&hcdl1=5&hcdl2=3&hcdl3=4
6,1,1,https://tw.shop.com/search/%E6%9C%8D%E8%A3%9D%E3%80%81%E9%85%8D%E4%BB%B6-%E7%94%B7%E5%A3%AB-%E7%94%B7%E5%A3%AB%E6%9C%8D%E9%A3%BE%E9%A1%9E%E5%9E%8B-%E5%A4%BE%E5%85%8B+~+%E5%A4%96%E5%A5%97-34?nover=&hcdl1=5&hcdl2=3&hcdl3=5
6,1,1,https://tw.shop.com/search/%E6%9C%8D%E8%A3%9D%E3%80%81%E9%85%8D%E4%BB%B6-%E7%94%B7%E5%A3%AB-%E7%94%B7%E5%A3%AB%E6%9C%8D%E9%A3%BE%E9%A1%9E%E5%9E%8B-%E9%95%B7%E8%A4%B2-34?nover=&hcdl1=5&hcdl2=3&hcdl3=6
6,1,1,https://tw.shop.com/search/%E7%8F%A0%E5%AF%B6%E3%80%81%E9%A3%BE%E5%93%81%E3%80%81%E6%89%8B%E9%8C%B6--20?hcdl1=5&hcdl2=4&hcdl3=1
6,1,1,https://tw.shop.com/search/%E7%8F%A0%E5%AF%B6%E3%80%81%E9%A3%BE%E5%93%81%E3%80%81%E6%89%8B%E9%8C%B6-%E6%89%8B%E9%8C%B6-3?hcdl1=5&hcdl2=4&hcdl3=2
6,1,1,https://tw.shop.com/search/%E7%8F%A0%E5%AF%B6%E3%80%81%E9%A3%BE%E5%93%81%E3%80%81%E6%89%8B%E9%8C%B6-%E9%A0%85%E9%8D%8A-3?hcdl1=5&hcdl2=4&hcdl3=3
6,1,1,https://tw.shop.com/search/%E7%8F%A0%E5%AF%B6%E3%80%81%E9%A3%BE%E5%93%81%E3%80%81%E6%89%8B%E9%8C%B6-%E6%89%8B%E9%8D%8A-3?hcdl1=5&hcdl2=4&hcdl3=4
6,1,1,https://tw.shop.com/search/%E7%8F%A0%E5%AF%B6%E3%80%81%E9%A3%BE%E5%93%81%E3%80%81%E6%89%8B%E9%8C%B6-%E8%80%B3%E7%92%B0-3?hcdl1=5&hcdl2=4&hcdl3=5
6,1,1,https://tw.shop.com/search/%E7%8F%A0%E5%AF%B6%E3%80%81%E9%A3%BE%E5%93%81%E3%80%81%E6%89%8B%E9%8C%B6-%E6%88%92%E6%8C%87-3?hcdl1=5&hcdl2=4&hcdl3=6
6,1,1,https://tw.shop.com/search/%E6%9C%8D%E8%A3%9D%E3%80%81%E9%85%8D%E4%BB%B6-%E5%AC%B0%E5%B9%BC%E5%85%92-3?nover=&hcdl1=5&hcdl2=5&hcdl3=1
6,1,1,https://tw.shop.com/search/%E6%9C%8D%E8%A3%9D%E3%80%81%E9%85%8D%E4%BB%B6-%E7%94%B7%E7%AB%A5-2+?hcdl1=5&hcdl2=5&hcdl3=2
6,1,1,https://tw.shop.com/search/%E6%9C%8D%E8%A3%9D%E3%80%81%E9%85%8D%E4%BB%B6-%E5%A5%B3%E7%AB%A5-2+?hcdl1=5&hcdl2=5&hcdl3=3
6,1,1,https://tw.shop.com/search/%E6%9C%8D%E8%A3%9D%E3%80%81%E9%85%8D%E4%BB%B6-%E5%AC%B0%E5%B9%BC%E5%85%92-3?nover=&hcdl1=5&hcdl2=5&hcdl3=4
6,1,1,https://tw.shop.com/search/%E6%9C%8D%E8%A3%9D%E3%80%81%E9%85%8D%E4%BB%B6-%E8%A5%AA-2+?hcdl1=5&hcdl2=6&hcdl3=1
6,1,1,https://tw.shop.com/search/%E7%9F%AD%E8%A5%AA?hcdl1=5&hcdl2=6&hcdl3=2
6,1,1,https://tw.shop.com/search/%E9%99%A4%E8%87%AD%E8%A5%AA?hcdl1=5&hcdl2=6&hcdl3=3
6,1,1,https://tw.shop.com/search/%E8%88%B9%E5%9E%8B%E8%A5%AA?hcdl1=5&hcdl2=6&hcdl3=4
6,1,1,https://tw.shop.com/search/%E8%A4%B2%E8%A5%AA?hcdl1=5&hcdl2=6&hcdl3=5
6,1,1,https://tw.shop.com/search/%E7%AB%A5%E8%A5%AA?hcdl1=5&hcdl2=6&hcdl3=6
6,1,1,https://tw.shop.com/search/%E6%9C%8D%E8%A3%9D%E3%80%81%E9%85%8D%E4%BB%B6-%E9%85%8D%E4%BB%B6-3?nover=&hcdl1=5&hcdl2=7&hcdl3=1
6,1,1,"https://tw.shop.com/search/%E6%9C%8D%E8%A3%9D%E3%80%81%E9%85%8D%E4%BB%B6-%E9%85%8D%E4%BB%B6-%E9%85%8D%E4%BB%B6%E9%A1%9E%E5%9E%8B-%E5%8C%85%E5%8C%85,+%E6%8F%90%E8%A2%8B-34?nover=&hcdl1=5&hcdl2=7&hcdl3=2"
6,1,1,"https://tw.shop.com/search/%E6%9C%8D%E8%A3%9D%E3%80%81%E9%85%8D%E4%BB%B6-%E9%85%8D%E4%BB%B6-%E9%85%8D%E4%BB%B6%E9%A1%9E%E5%9E%8B-%E5%A4%AA%E9%99%BD%E7%9C%BC%E9%8F%A1,+%E5%A2%A8%E9%8F%A1-34?nover=&hcdl1=5&hcdl2=7&hcdl3=3"
6,1,1,https://tw.shop.com/search/%E6%9C%8D%E8%A3%9D%E3%80%81%E9%85%8D%E4%BB%B6-%E9%85%8D%E4%BB%B6-%E9%85%8D%E4%BB%B6%E9%A1%9E%E5%9E%8B-%E5%B8%BD%E5%AD%90-34?nover=&hcdl1=5&hcdl2=7&hcdl3=4
6,1,1,https://tw.shop.com/search/%E6%9C%8D%E8%A3%9D%E3%80%81%E9%85%8D%E4%BB%B6-%E9%85%8D%E4%BB%B6-%E9%85%8D%E4%BB%B6%E9%A1%9E%E5%9E%8B-%E9%9B%A8%E5%82%98%E3%80%81%E9%81%AE%E9%99%BD%E5%82%98-34?nover=&hcdl1=5&hcdl2=7&hcdl3=5
6,1,1,https://tw.shop.com/search/%E6%9C%8D%E8%A3%9D%E3%80%81%E9%85%8D%E4%BB%B6-%E9%85%8D%E4%BB%B6-%E9%85%8D%E4%BB%B6%E9%A1%9E%E5%9E%8B-%E5%9C%8D%E5%B7%BE-34?nover=&hcdl1=5&hcdl2=7&hcdl3=6
6,1,1,https://tw.shop.com/nbts/cid132140-vid292148-xservice-link%5Foff.xhtml
6,1,1,https://tw.shop.com/books-a.xhtml?hcdl1=6&hcdl2=1
6,1,1,https://tw.shop.com/search/%E6%9B%B8%E7%B1%8D%E3%80%81%E9%9B%9C%E8%AA%8C-%E6%9B%B8%E7%B1%8D-%E6%9B%B8%E7%B1%8D%E5%88%86%E9%A1%9E-%E6%96%87%E5%AD%B8%E5%B0%8F%E8%AA%AA-34?hcdl1=6&hcdl2=2
6,1,1,https://tw.shop.com/search/%E6%9B%B8%E7%B1%8D%E3%80%81%E9%9B%9C%E8%AA%8C-%E6%9B%B8%E7%B1%8D-%E6%9B%B8%E7%B1%8D%E5%88%86%E9%A1%9E-%E5%95%86%E6%A5%AD%E7%90%86%E8%B2%A1-34?hcdl1=6&hcdl2=3
6,1,1,https://tw.shop.com/search/%E6%9B%B8%E7%B1%8D%E3%80%81%E9%9B%9C%E8%AA%8C-%E6%9B%B8%E7%B1%8D-%E6%9B%B8%E7%B1%8D%E5%88%86%E9%A1%9E-%E5%BF%83%E7%90%86%E5%8B%B5%E5%BF%97-34?hcdl1=6&hcdl2=4
6,1,1,https://tw.shop.com/search/%E6%9B%B8%E7%B1%8D%E3%80%81%E9%9B%9C%E8%AA%8C-%E6%9B%B8%E7%B1%8D-%E6%9B%B8%E7%B1%8D%E5%88%86%E9%A1%9E-%E5%81%A5%E5%BA%B7-34?m=%E6%9B%B8%E7%B1%8D%E5%88%86%E9%A1%9E&hcdl1=6&hcdl2=5
6,1,1,https://tw.shop.com/search/%E6%9B%B8%E7%B1%8D%E3%80%81%E9%9B%9C%E8%AA%8C-%E6%9B%B8%E7%B1%8D-%E6%9B%B8%E7%B1%8D%E5%88%86%E9%A1%9E-%E6%97%85%E9%81%8A-34?hcdl1=6&hcdl2=6
6,1,1,"https://tw.shop.com/search/%E6%9B%B8%E7%B1%8D%E3%80%81%E9%9B%9C%E8%AA%8C-%E6%9B%B8%E7%B1%8D-%E6%9B%B8%E7%B1%8D%E5%88%86%E9%A1%9E-%E7%83%B9%E9%A3%AA,%E7%BE%8E%E9%A3%9F,%E5%93%81%E9%85%92-34?hcdl1=6&hcdl2=7"
6,1,1,https://tw.shop.com/nbts/cid121981-vid274115-xservice-link%5Foff.xhtml?tkr=220225131458
6,1,1,https://tw.shop.com/Electronics-a.xhtml?hcdl1=7&hcdl2=1
6,1,1,https://tw.shop.com/search/%E9%9B%BB%E8%85%A6%E5%8F%8A%E5%91%A8%E9%82%8A-%E7%AD%86%E8%A8%98%E5%9E%8B%E9%9B%BB%E8%85%A6-%E7%AD%86%E9%9B%BB-3+?hcdl1=7&hcdl2=2
6,1,1,https://tw.shop.com/search/%E9%9B%BB%E8%85%A6%E5%8F%8A%E5%91%A8%E9%82%8A-%E5%B9%B3%E6%9D%BF%E9%9B%BB%E8%85%A6+~+%E9%9B%BB%E5%AD%90%E6%9B%B8%E9%96%B1%E8%AE%80%E5%99%A8-3?nover=&hcdl1=7&hcdl2=3
6,1,1,https://tw.shop.com/search/%E6%B6%B2%E6%99%B6%E8%9E%A2%E5%B9%95?hcdl1=7&hcdl2=4
6,1,1,https://tw.shop.com/search/%E5%BD%B1%E9%9F%B3%E5%91%A8%E9%82%8A%E3%80%81%E6%89%8B%E6%A9%9F%E9%80%9A%E8%A8%8A-%E7%A9%BF%E6%88%B4%E8%A3%9D%E7%BD%AE-3?nover=&hcdl1=7&hcdl2=5
6,1,1,https://tw.shop.com/search/%E7%9B%B8%E6%A9%9F-%E6%95%B8%E4%BD%8D%E7%9B%B8%E6%A9%9F-3?hcdl1=7&hcdl2=6
6,1,1,https://tw.shop.com/search/%E9%9B%BB%E8%85%A6%E5%8F%8A%E5%91%A8%E9%82%8A-%E7%B6%B2%E8%B7%AF%E8%A8%AD%E5%82%99-3?nover=&hcdl1=7&hcdl2=7
6,1,1,https://tw.shop.com/search/%E9%9B%BB%E7%8E%A9%E3%80%81%E9%81%8A%E6%88%B2--20?hcdl1=7&hcdl2=8
6,1,1,https://tw.shop.com/nbts/cid131188-vid284048-xservice-link%5Foff.xhtml
6,1,1,https://tw.shop.com/travel-a.xhtml?hcdl1=8&hcdl2=1
6,1,1,https://tw.shop.com/search/%E4%BC%91%E9%96%92%E3%80%81%E6%97%85%E9%81%8A-%E4%BC%91%E9%96%92%E3%80%81%E6%97%85%E9%81%8A%E5%84%AA%E6%83%A0%E5%88%B8-3?hcdl1=8&hcdl2=2
6,1,1,https://tw.shop.com/search/%E4%BC%91%E9%96%92%E3%80%81%E6%97%85%E9%81%8A-%E6%97%85%E8%A1%8C%E7%AE%B1%E3%80%81%E6%97%85%E8%A1%8C%E8%A2%8B-3?hcdl1=8&hcdl2=3
6,1,1,https://tw.shop.com/nbts/cid109567-vid274851-xservice-link%5Foff.xhtml?tkr=220225150751
6,1,1,https://tw.shop.com/Baby-a.xhtml?hcdl1=9&hcdl2=1
6,1,1,https://tw.shop.com/%E6%84%9B%E7%9A%84%E5%A5%87%E8%B9%9F+-v250614-c+.xhtml?hcdl1=9&hcdl2=2
6,1,1,https://tw.shop.com/search/%E5%AC%B0%E5%B9%BC%E5%85%92%E7%94%A8%E5%93%81-%E5%93%BA%E8%82%B2%E9%A4%B5%E9%A4%8A-3?nover=&hcdl1=9&hcdl2=3
6,1,1,https://tw.shop.com/search/%E5%AC%B0%E5%B9%BC%E5%85%92%E7%94%A8%E5%93%81-%E5%B0%BF%E5%B8%83%E3%80%81%E7%B4%99%E5%B0%BF%E8%A4%B2-3?nover=&hcdl1=9&hcdl2=4
6,1,1,https://tw.shop.com/search/%E5%AC%B0%E5%B9%BC%E5%85%92%E7%94%A8%E5%93%81-%E6%B1%BD%E8%BB%8A%E5%BA%A7%E6%A4%85+%E3%80%81%E5%AC%B0%E5%85%92%E8%BB%8A-3?nover=&hcdl1=9&hcdl2=5
6,1,1,https://tw.shop.com/search/%E5%AC%B0%E5%B9%BC%E5%85%92%E7%94%A8%E5%93%81-%E5%81%A5%E5%BA%B7%E3%80%81%E5%AE%89%E5%85%A8%E7%94%A8%E5%93%81-%E5%A5%B6%E5%98%B4-3+?hcdl1=9&hcdl2=6
6,1,1,https://tw.shop.com/nbts/cid138648-vid291965-xservice-link%5Foff.xhtml?tkr=220225154134
6,1,1,https://tw.shop.com/petsupplies-a.xhtml?hcdl1=10
6,1,1,https://tw.shop.com/info/our-brands?hcdl1=11
6,1,1,https://tw.shop.com/stores-featured?hcdl1=12
6,1,1,https://tw.shop.com/departments.xhtml?hcdl1=13
6,1,1,https://tw.shop.com/daily-deals?hcf=1
6,1,1,https://tw.shop.com/mylists?hcf=2
6,1,1,https://tw.shop.com/registry?hcf=3
6,1,1,https://tw.shop.com/ccn%5Fegift%5Fpurchase.xhtml?hcf=4
6,1,1,https://tw.shop.com/nbts/account/price-alerts?hcf=5
6,1,1,https://tw.shop.com/shoplocal?hcf=6
6,1,1,https://tw.shop.com/shopbuddy?hcf=7
6,1,1,https://tw.shop.com/trends/all?t=FEATURED&i=1&hcf=8
6,1,1,https://tw.shop.com/hot-deals?hcf=9
6,1,1,https://tw.shop.com/info/services?hcf=10
6,1,1,https://tw.shop.com/jobsearchcampaign2021-k.xhtml?tkr=220623123917
6,1,1,https://tw.shop.com/info/our-brands?hsh=1
6,1,1,https://tw.shop.com/stores-featured?hsh=2
6,1,1,https://tw.shop.com/hot-deals?hsh=3
6,1,1,https://tw.shop.com/departments.xhtml?hsh=4
6,1,1,https://tw.shop.com/daily-deals?hsh=5
6,1,1,https://tw.shop.com/shopbuddy?hsh=6
6,1,1,https://tw.shop.com/shoplocal?hsh=7
6,1,1,https://tw.shop.com/nbts/login-myaccount.xhtml?returnurl=https%3A%2F%2Ftw.shop.com%2F%3Fsourceid%3D4274%26gclid%3DCj0KCQjw4uaUBhC8ARIsANUuDjXL50AVFFNw51Kfy1IXI13TksHklNjML-kXc8nkcswxjYM3cduNW90aAupEEALw_wcB&ham=1
6,1,1,https://tw.shop.com/nbts/account/order-history?ham=2
6,1,1,https://tw.shop.com/nbts/account/order-history?ham=3
6,1,1,https://tw.shop.com/earn-cashback-k.xhtml?ham=4
6,1,1,https://tw.shop.com/info/help?ham=5
6,1,1,https://tw.shop.com/nbts/create-myaccount.xhtml?ham=6
6,1,1,https://tw.shop.com/nbts/account?ham=7
6,1,1,https://tw.shop.com/daily-deals?ham=8
6,1,1,https://tw.shop.com/mylists?ham=9
6,1,1,https://tw.shop.com/registry?ham=10
6,1,1,https://tw.shop.com/ccn%5Fegift%5Fpurchase.xhtml?ham=11
6,0,1,https://www.shop.com?tkr=s16770
6,0,1,https://ca.shop.com?tkr=s16771
6,0,1,https://uk.shop.com?tkr=s16773
6,0,1,https://au.shop.com?tkr=s16774
6,0,1,https://hk.shop.com?tkr=s16776
6,0,1,https://sg.shop.com?tkr=s16778
6,0,1,https://my.shop.com?tkr=s38724
6,1,1,https://tw.shop.com/nbts/account/order-history?hmo=1
6,1,1,https://tw.shop.com/cashback-program-k.xhtml
6,1,1,https://tw.shop.com/tls%5Foctober-v.xhtml?tkr=220614154658
6,1,1,https://tw.shop.com/nbts/p1904725680-xservice-link_off.xhtml?tkr=201215110009
6,1,1,https://tw.shop.com/daily+deals-t.xhtml
6,1,1,https://tw.shop.com/summer-cooling-tips-k.xhtml?tkr=220613105705
6,1,1,https://tw.shop.com/summer-fashion-k.xhtml?tkr=220606233048
6,1,1,https://tw.shop.com/covid-prevention-k.xhtml?tkr=220419113046
6,1,1,https://tw.shop.com/search/layeredelleblowout2022?tkr=220607120840
6,1,1,https://tw.shop.com/%E8%8B%A5%E7%BE%8E%E8%8A%99+trade+%E6%BD%94%E9%A1%8F%E8%92%9F%E8%92%BB%E6%B5%B7%E7%B6%BF%E7%B5%84-1715433728-p+.xhtml?tkr=220607161500
6,1,1,https://tw.shop.com/%E8%8E%AB%E8%92%82%E8%86%9A+reg+%E6%BA%AB%E5%92%8C%E5%8D%B8%E5%A6%9D%E6%A3%89-1903776560-p+.xhtml?tkr=220607205015
6,1,1,https://tw.shop.com/%E5%85%8D%E9%81%8B+%E7%9C%9F%E7%BE%8E%E5%91%B3+%E5%A4%8F%E6%97%A5%E7%89%B9%E9%81%B8%E6%84%9B%E6%96%87%E8%8A%92%E6%9E%9C3%E5%8F%B0%E6%96%A4+%E7%9B%92+%E7%B4%846+8%E9%A1%86%E8%A3%9D+%E7%94%A2%E5%9C%B0%E7%9B%B4%E9%80%81+%E6%AF%8F%E9%80%B1%E4%B8%89+%E9%80%B1%E5%9B%9B%E9%99%B8%E7%BA%8C%E5%87%BA%E8%B2%A8+%E9%80%B1%E4%BA%94%E5%89%8D%E5%88%B0%E8%B2%A8+%E4%BB%A5%E6%AD%A4%E9%A1%9E%E6%8E%A8+-1935086895-p+.xhtml?tkr=200728092334
6,1,1,https://tw.shop.com/%E9%87%91%E9%91%BD%E8%B2%9D%E6%9E%9D%E8%8A%B1%E4%B8%B8300g-1933355109-p+.xhtml?tkr=200728092334
6,1,1,https://tw.shop.com/%E5%A4%8F%E6%97%A5%E6%B8%85%E7%88%BD%E9%98%B2%E7%96%AB%E7%A6%8F%E7%AE%B1C+2%E4%BB%B6%E5%85%8D%E9%81%8B%E7%B5%84+-1935001010-p+.xhtml?tkr=200728092334
6,1,1,https://tw.shop.com/%E8%B6%85%E5%84%AA%E6%83%A0+%E5%90%83%E8%B5%B7%E4%BE%86%E5%90%83%E8%B5%B7%E4%BE%86+%E8%B2%B74%E9%80%812+%E5%A5%BD%E5%90%83%E7%9A%84%E7%95%B0%E5%9C%8B%E9%A6%99%E6%96%99%E5%B0%8F%E4%B8%B8%E5%AD%90%E5%80%91+%E4%B8%83%E9%87%8C%E9%A6%99+%E9%87%8E%E9%A4%90%E4%B8%B2%E7%87%92%E7%B3%BB%E5%88%97+%E5%9C%9F%E8%80%B3%E5%85%B6%E9%9B%9E%E8%82%89%E4%B8%B8%E4%B8%B2+180g+%E7%9B%92+%E5%9A%B4%E9%81%B8%E7%A0%A5%E5%AE%B6-1933354342-p+.xhtml?tkr=200728092334
6,1,1,https://tw.shop.com/%E7%BE%8E%E5%AE%89%E7%8D%A8%E5%AE%B6+CookPower+%E9%8D%8B%E5%AF%B6+%E9%88%A6%E9%A0%82%E6%A5%B5%E4%B8%8D%E6%B2%BE%E6%B7%B1%E7%82%92%E9%8D%8B30CM+NST+4301MA-1935012002-p+.xhtml?tkr=200728092334
6,1,1,https://tw.shop.com/%E7%BE%8E%E5%AE%89%E5%B0%88%E5%B1%AC+Felli%E6%98%93%E7%99%BE%E6%8B%89%E5%AF%86%E5%B0%81%E7%BD%90%E6%96%B9%E5%9E%8B%E4%B8%89%E4%BB%B6%E7%B5%84+1800x1+800x2+-1935011886-p+.xhtml?tkr=200728092334
6,1,1,https://tw.shop.com/%E6%AD%8C%E6%9E%97kolin+LED%E7%8E%BB%E7%92%83%E5%BF%AB%E7%85%AE%E5%A3%BA+2+0L+KPK+LN213G-1933850119-p+.xhtml?tkr=200728092334
6,1,1,https://tw.shop.com/%E9%AB%98%E9%A1%8F%E5%80%BC%E6%99%82%E5%B0%9A%E7%9B%B4%E9%A3%B2%E5%90%B8%E5%BC%8F%E5%85%A9%E7%94%A8%E7%B6%B2%E7%BE%8E%E7%9A%AE%E9%9D%A9%E6%9D%AF%E5%A5%97%E6%B0%B4%E7%93%B6-1932831049-p+.xhtml?tkr=200728092334
6,1,1,https://tw.shop.com/%E7%BE%8E%E5%AE%89%E7%8D%A8%E5%AE%B6+%E7%BE%A9%E5%A4%A7%E5%88%A9BLACK+HAMMER+Tritan%E9%81%8B%E5%8B%95%E7%93%B62000mlX2+%E6%B0%B4%E7%93%B6590ml-1934925663-p+.xhtml?tkr=200728092334
6,1,1,https://tw.shop.com/%E4%BA%94%E6%9C%88%E8%8A%B1+%E6%96%B0%E6%9F%94%E9%9F%8C%E6%8A%BD%E5%8F%96%E5%BC%8F%E8%A1%9B%E7%94%9F%E7%B4%991%E7%AE%B1%E5%85%B160%E5%8C%85+100%E6%8A%BDx10%E5%8C%85x6%E8%A2%8B+%E6%B6%88%E9%AB%98%E7%8D%A8%E5%AE%B6%E5%83%B9-1932836677-p+.xhtml?tkr=200728092334
6,1,1,https://tw.shop.com/%E5%B1%85%E5%AE%B6%E5%85%89%E6%98%8E%E6%84%9F%E6%87%89LED%E8%AD%B7%E7%9C%BC%E7%87%88+6%E5%85%A5%E7%B5%84+%E7%BE%8E-1934922648-p+.xhtml?tkr=200728092334
6,1,1,https://tw.shop.com/%E7%BE%8E%E5%AE%89%E7%8D%A8%E5%AE%B6+TiDdi+%E6%8A%97%E6%95%8F%E6%8A%97%E7%97%85%E6%AF%92%E7%A9%BA%E6%B0%A3%E6%B8%85%E6%B7%A8%E6%A9%9F+P680%E7%AC%AC%E4%BA%8C%E4%BB%A3+-1890041210-p+.xhtml?tkr=200728092334
6,1,1,https://tw.shop.com/%E8%AB%BE%E8%B2%9D%E9%81%94%E6%8A%97%E8%8F%8C%E6%A9%9F%E8%83%BD%E6%9E%95+%E7%BE%8E%E5%AE%89%E9%99%90%E5%AE%9A+-1934766227-p+.xhtml?tkr=200728092334
6,1,1,https://tw.shop.com/Osun+%E9%98%B2%E6%9B%AC%E9%99%8D%E6%BA%AB%E6%B6%88%E6%9A%91%E6%97%A5%E9%9F%93%E6%B5%81%E8%A1%8C%E5%86%B0%E6%B6%BC%E5%B7%BE+5%E5%85%A5%E7%B5%84+CE195+%E8%97%8D%E8%89%B2+%E7%B2%89%E7%B4%85+%E5%85%A9%E8%89%B2%E5%8F%AF%E9%81%B8+%E8%97%8D%E8%89%B2X5-1929668931-p+.xhtml?tkr=200728092334
6,1,1,https://tw.shop.com/%E5%86%B0%E7%B5%B2%E6%B6%BC%E6%84%9F%E9%80%8F%E6%B0%A3%E9%98%B2%E6%9B%AC%E8%A2%96%E5%A5%97+%E8%B6%85%E5%80%BC2%E4%BB%B6%E7%B5%84+-1935000319-p+.xhtml?tkr=200728092334
6,1,1,https://tw.shop.com/%E6%97%A5%E6%9C%AC%E8%B6%85%E9%A1%AF%E7%98%A6%E7%99%BD%E8%A4%B2+VERTEX+%E6%97%A5%E6%9C%AC%E8%A3%BD%E7%9A%87%E5%AE%A4%E6%8C%87%E5%AE%9A%E4%B8%89%E5%86%A0%E7%8E%8B%E9%98%B2%E6%BD%91%E6%B0%B4%E7%BE%8E%E5%9E%8B%E8%A4%B22%E4%BB%B6%E7%B5%84+%E9%BB%91+%E7%99%BD+%E7%81%B0+%E8%97%95+4%E8%89%B2%E5%8F%AF%E9%81%B8+%E7%81%B0M+%E8%97%95M+2%E4%BB%B6%E7%B5%84+-1934998800-p+.xhtml?tkr=200728092334
6,1,1,https://tw.shop.com/%E7%BE%8E%E5%AE%89%E7%8D%A8%E5%AE%B6+RoseMaid+%E7%BE%85%E7%B5%B2%E7%BE%8E+%E6%9F%94%E6%83%85%E5%BA%8F%E6%9B%B2%E7%B4%B0%E8%82%A9%E5%B8%B6%E6%B4%8B%E8%A3%9D%E7%9D%A1%E8%A1%A3+%E6%9F%94%E6%BD%A4%E8%86%9A+17301+86+-1934908404-p+.xhtml?tkr=200728092334
6,1,1,https://tw.shop.com/%E7%8F%BE%E8%B2%A8+%E6%B0%B4%E8%88%9E%E7%94%9F%E9%86%AB+%E9%86%AB%E7%99%82%E5%8F%A3%E7%BD%A9+%E8%8E%AB%E8%98%AD%E8%BF%AA%E7%B3%BB%E5%88%97+%E7%B6%B2%E7%BE%8E%E5%8F%A3%E7%BD%A9+%E6%88%90%E4%BA%BA%E5%8F%A3%E7%BD%A9+30%E5%85%A5+%E7%9B%92+-1934962684-p+.xhtml?tkr=200728092334
6,1,1,https://tw.shop.com/AA+%E7%BE%8E%E5%9C%8B%E9%A3%9B%E8%A1%8C%E5%AE%B6+Munich%E6%85%95%E5%B0%BC%E9%BB%91%E7%B3%BB%E5%88%97+%E7%A2%B3%E7%BA%96%E7%B4%8B%E8%B6%85%E8%BC%95%E9%87%8F%E6%8A%97%E5%88%AE%E8%A1%8C%E6%9D%8E%E7%AE%B1%E4%B8%89%E4%BB%B6%E7%B5%84+%E4%B8%89%E8%89%B2%E5%8F%AF%E9%81%B8+%E9%99%90%E9%87%8F%E8%B4%88%E9%80%81%E5%93%81%E7%89%8C%E6%9D%9F%E5%B8%B6%E4%B8%80%E6%A2%9D+%E9%A1%8F%E8%89%B2%E9%9A%A8%E6%A9%9F%E5%87%BA%E8%B2%A8+-1935090648-p+.xhtml?tkr=200728092334
6,1,1,https://tw.shop.com/Footer%E9%99%A4%E8%87%AD%E8%A5%AA+%E5%B9%B4%E4%B8%AD%E6%85%B6400%E5%A4%9A%E6%AC%BE%E8%A5%AA%E6%AC%BE%E4%BB%BB%E9%81%B86%E9%9B%99930%E5%85%83-1937388626-p+.xhtml?tkr=220610021926
6,1,1,https://tw.shop.com/618%E9%99%90%E5%AE%9A%E5%84%AA%E6%83%A0+ELLE+TRAVEL+%E6%A5%B5%E7%B0%A1%E9%A2%A8%E5%B8%86%E5%B8%83%E6%89%8B%E6%8F%90+%E6%96%9C%E8%83%8C%E6%89%98%E7%89%B9%E5%8C%85+%E5%A4%9A%E8%89%B2%E4%BB%BB%E9%81%B8+EL52372-1936952655-p+.xhtml?tkr=220610021926
6,1,1,https://tw.shop.com/%E9%82%81%E9%98%BF%E5%AF%86+%E8%BC%95%E8%96%84%E6%A3%89%E9%BA%BB%E7%9F%AD%E8%A4%B2+%E5%B9%B4%E4%B8%AD%E5%84%AA%E6%83%A0%E5%96%AE%E4%BB%B6%E7%B5%84-1938570197-p+.xhtml?tkr=220610021926
6,1,1,https://tw.shop.com/618%E8%B3%BC%E7%89%A9%E7%AF%80%E5%8A%A0%E7%A2%BC+%E5%B0%8F%E7%86%8A%E5%86%B0%E7%B5%B2%E5%B1%85%E5%AE%B6%E5%A5%97%E8%A3%9D+3%E5%A5%97%E5%85%8D%E9%81%8B+%E9%A0%90%E8%B3%BC%E4%B8%AD+-1938319475-p+.xhtml?tkr=220610021926
6,1,1,https://tw.shop.com/6+7+6+30+%E9%99%8D%E5%83%B9%E5%86%8D%E8%B2%B71%E9%80%811+%E9%AE%AD%E9%AD%9A%E6%B8%85%E8%82%89+%E9%AE%AD%E9%AD%9A%E7%A2%8E%E8%82%89+%E9%99%B8%E9%9C%B8%E7%8E%8B+-1937472980-p+.xhtml?tkr=220610021926
6,1,1,https://tw.shop.com/%E6%96%91%E9%A6%AC%E9%AE%AE%E7%94%9F+%E5%B9%B4%E4%B8%AD%E8%B6%85%E5%80%BC%E5%9B%9E%E9%A5%8B+%E6%A5%B5%E5%93%81%E9%AE%AE%E7%94%9C%E5%86%B7%E5%87%8D%E7%86%9F%E7%99%BD%E8%9D%A6+1200g+%E8%B2%B71%E9%80%815+%E7%98%8B%E7%8B%82%E5%85%8D%E9%81%8B-1935087210-p+.xhtml?tkr=220610021926
6,1,1,https://tw.shop.com/%E9%AB%98%E6%AA%94%E9%A4%90%E5%BB%B3%E9%A5%95%E5%AE%A2%E6%9C%80%E6%84%9B%E6%8E%92%E9%A4%90+%E7%89%B9%E5%83%B9+618%E5%85%83+%E8%AA%BF%E5%91%B3%E6%88%B0%E6%96%A7%E8%B1%AC%E6%8E%92500g+1%E7%9B%92+%E8%AA%BF%E5%91%B3%E6%B3%95%E5%BC%8F%E8%B1%AC%E6%8E%92500g+1%E7%9B%92-1936002905-p+.xhtml?tkr=220610021926
6,1,1,https://tw.shop.com/618%E9%99%90%E6%99%82%E5%84%AA%E6%83%A0+%E9%98%BF%E6%A0%B9%E5%BB%B7%E6%89%8B%E6%92%95%E9%AD%B7%E9%AD%9A%E6%A2%9D+10%E5%8C%85%E7%B5%84-1937388618-p+.xhtml?tkr=220610021926
6,1,1,https://tw.shop.com/%E7%BE%8E%E5%AE%89%E7%8D%A8%E5%AE%B6+%E5%B9%B4%E4%B8%AD%E8%B6%85%E5%80%BC%E5%9B%9E%E9%A5%8B+%E7%8F%BE%E8%B2%A8+%E9%9F%93%E5%9C%8B+BOTO+%E9%AB%98%E6%BF%83%E5%BA%A6%E7%B4%85%E7%9F%B3%E6%A6%B4%E9%A3%B2+80ml+x+100%E5%85%A5+%E7%AE%B1+%E7%9F%B3%E6%A6%B4%E6%B1%81+%E7%B4%A0%E9%A3%9F%E5%8F%AF%E9%A3%B2+%E4%B8%80%E7%AE%B1-1936742939-p+.xhtml?tkr=220610021926
6,1,1,https://tw.shop.com/618+%E5%B9%B4%E4%B8%AD%E6%85%B6+%E6%B5%B7%E7%A4%A6%E9%9B%AA%E8%80%B3%E5%8E%9F%E5%91%B3+195ml+24%E7%93%B6+%E9%99%90%E6%99%82%E8%B2%B71%E9%80%811+%E5%85%B12%E7%AE%B1+-1938019808-p+.xhtml?tkr=220610021926
6,1,1,https://tw.shop.com/MATURE%E7%BE%8E%E8%90%83+Classic410%E7%B3%BB%E5%88%97%E6%B0%A3%E6%B3%A1%E6%B0%B4%E6%A9%9F+%E7%8E%AB%E7%91%B0%E9%87%91+%E4%BA%8C%E6%94%AF%E6%B0%A3%E7%93%B6%E7%B5%84-1932065480-p+.xhtml?tkr=220610021926
6,1,1,https://tw.shop.com/CorelleBrands%E5%BA%B7%E5%AF%A7+%E8%87%BB%E9%87%9C%E9%91%84%E9%80%A0%E4%B8%8D%E6%B2%BE%E9%8D%8B%E7%B5%84+%E8%B4%88%E5%BA%B7%E5%AF%A7%E4%B8%BB%E5%BB%9A%E5%88%80+618%E5%B0%88%E6%A1%88+-1936685307-p+.xhtml?tkr=220610021926
6,1,1,https://tw.shop.com/%E7%8B%82%E6%AD%A1618+ILIFE+A80+Max+%E6%8E%83%E5%9C%B0+%E6%8B%96%E5%9C%B0+%E5%85%A9%E7%94%A8%E6%A9%9F%E5%99%A8%E4%BA%BA-1937040755-p+.xhtml?tkr=220610021926
6,1,1,https://tw.shop.com/Euleven+%E6%9C%89%E6%A8%82%E7%B4%9B+UV%E7%84%A1%E7%B7%9A%E5%90%B8%E5%A1%B5%E6%B4%97%E5%9C%B0%E6%A9%9F+%E5%93%81%E7%89%8C%E5%B9%B4%E4%B8%AD%E6%85%B6+%E6%8A%98%E5%85%A9%E5%8D%83%E5%86%8D%E9%80%81%E5%85%A9%E5%8D%83%E9%BB%9E-1935451388-p+.xhtml?tkr=220610021926
6,1,1,https://tw.shop.com/618%E5%B9%B4%E4%B8%AD%E6%85%B6+%E9%80%81%E5%AE%89%E8%A3%9D+BenQ+55%E5%90%8B+4K+%E6%B6%B2%E6%99%B6%E9%A1%AF%E7%A4%BA%E5%99%A8+E55+730+-1936794023-p+.xhtml?tkr=220610021926
6,1,1,https://tw.shop.com/%E7%86%B1%E9%8A%B7%E4%B8%8B%E6%AE%BA+%E9%99%90%E5%AE%9A%E7%B5%84%E5%90%88+Le+Creuset+BIS+%E5%9C%93%E5%BD%A2%E7%90%BA%E7%91%AF%E9%91%84%E9%90%B5%E9%8D%8B+22cm+2+6L+%E6%B5%B7%E5%B2%B8%E8%97%8D+B%E5%B0%8F%E9%8F%9F+%E6%B7%A1%E7%B2%89%E7%B4%85-1937137553-p+.xhtml?tkr=220610021926
6,1,1,https://tw.shop.com/%E7%8F%BE%E8%B2%A8+618%E6%AD%A1%E6%85%B6+%E5%A4%A7%E5%AE%B9%E9%87%8F%E5%8F%AF%E6%89%8B%E6%8F%90%E4%B8%8D%E9%8A%B9%E9%8B%BC%E4%BF%9D%E6%BA%AB%E4%BF%9D%E5%86%B0%E6%B0%B4%E5%A3%BA+1000ml-1937653267-p+.xhtml?tkr=220610021926
6,1,1,https://tw.shop.com/618%E7%8B%82%E6%AD%A1%E8%B3%BC+%E5%8A%A0%E7%A2%BC%E5%84%AA%E6%83%A0%E5%83%B9+%E7%9B%9B%E4%B8%96%E7%89%A1%E4%B8%B9%E9%9A%A8%E8%BA%AB%E6%9D%AF+%E5%A4%A7+%E9%9B%99%E5%B1%A4+%E9%BB%91%E5%BD%A9+250ml+%E5%8D%B0%E5%88%B7%E7%9B%92-1938637818-p+.xhtml?tkr=220610021926
6,1,1,https://tw.shop.com/%E5%96%AE%E4%BB%B6618%E5%85%83%E5%B0%88%E5%8D%80+Hasami+%E7%A6%8F%E7%94%B0+%E8%8F%8A%E8%8A%B1%E9%9D%92%E7%99%BD%E9%87%89%E7%9B%A4+18cm-1938705830-p+.xhtml?tkr=220610021926
6,1,1,https://tw.shop.com/%E5%85%A8%E6%96%B0%E7%94%9F%E6%B4%BB+trade+%E7%BA%96%E7%9B%88%E9%8C%A0%E7%8B%80%E9%A3%9F%E5%93%81-1415711491-p+.xhtml?tkr=220607161319
6,1,1,https://tw.shop.com/%E8%8B%A5%E7%BE%8E%E8%8A%99+trade+%E7%B7%8A%E4%BF%8F%E5%BD%88%E5%8A%9B%E7%BE%8E%E9%AB%94%E9%9C%9C-1875095376-p+.xhtml?tkr=220607163312
6,1,1,https://tw.shop.com/%E5%85%A8%E6%96%B0%E7%94%9F%E6%B4%BB+trade+%E7%B6%A0%E5%92%96%E5%95%A1%E8%B1%86%E7%86%B1%E9%89%BB%E9%85%8D%E6%96%B9%E8%86%A0%E5%9B%8A%E9%A3%9F%E5%93%81-1635278638-p+.xhtml?tkr=220607144951
6,1,1,https://tw.shop.com/%E5%85%A8%E6%96%B0%E7%94%9F%E6%B4%BB+trade+%E7%BA%96%E7%9B%88%E9%8C%A0%E7%8B%80%E9%A3%9F%E5%93%81-1415711491-p+.xhtml?tkr=220607161147
6,1,1,https://tw.shop.com/nbts/cid123088-vid275566-xservice-link%5Foff.xhtml?tkr=220530223532
6,1,1,https://tw.shop.com/nbts/cid136209-vid289364-xservice-link%5Foff.xhtml?tkr=220530223752
6,1,1,https://tw.shop.com/%E5%8F%B0%E5%8C%97101%E8%A7%80%E6%99%AF%E5%8F%B05F+89F%E7%B4%80%E5%BF%B5%E5%93%81%E5%BA%97-v292173-c+.xhtml?tkr=220530223938
6,1,1,https://tw.shop.com/nbts/cid135140-vid288224-xservice-link%5Foff.xhtml?tkr=220530234407
6,1,1,https://tw.shop.com/nbts/cid122742-vid275149-xservice-link%5Foff.xhtml?tkr=220530234930
6,1,1,https://tw.shop.com/nbts/cid126678-vid279372-xservice-link%5Foff.xhtml?tkr=220530235126
6,1,1,https://tw.shop.com/friDay%E5%9A%B4%E9%81%B8+%E8%B6%85%E5%80%BC2%E4%BB%B6%E7%B5%84+JOJOGO+%E8%B6%85%E9%98%B2%E6%9B%AC%E6%B6%BC%E6%84%9F%E5%A4%96%E5%A5%97+%E5%9B%9B%E8%89%B2%E5%8F%AF%E9%81%B8+UPF50+-1935598310-p+.xhtml?tkr=220620100710
6,1,1,https://tw.shop.com/%E9%85%B7%E6%B6%BC%E9%98%B2%E6%9B%AC%E9%AB%98%E5%BD%88%E5%8A%9B%E7%B8%AE%E5%8F%A3%E5%86%B0%E9%8B%92%E8%A4%B2+KDP+2022+%E7%8F%BE+%E9%A0%90+-1933736855-p+.xhtml?tkr=220620100710
6,1,1,https://tw.shop.com/%E6%A9%9F%E8%83%BD%E6%B6%BC%E6%84%9F%E8%A2%96%E5%A5%97+%E8%A2%96%E5%A5%97+%E9%98%B2%E6%9B%AC%E8%A2%96%E5%A5%97+%E6%B6%BC%E6%84%9F%E8%A2%96%E5%A5%97+%E7%84%A1%E5%AD%94%E8%A2%96%E5%A5%97+%E9%98%B2%E7%B4%AB%E5%A4%96%E7%B7%9A+%E6%88%B6%E5%A4%96%E7%94%A8%E5%85%B7+%E9%98%B2%E6%9B%AC%E5%A5%97+%E9%81%8B%E5%8B%95%E8%A2%96%E5%A5%97+%E5%86%B0%E7%B5%B2-1893137495-p+.xhtml?tkr=220620100710
6,1,1,https://tw.shop.com/%E5%8A%A0%E5%A4%A7%E7%B4%94%E6%A3%89%E7%94%B7%E5%A5%B3%E9%98%B2%E6%BB%91%E9%9A%B1%E5%BD%A2%E8%A5%AA+%E6%96%B0%E6%AC%BE%E5%B8%83%E8%B2%BC%E9%98%B2%E6%BB%91%E6%8A%97%E6%95%8F%E6%AC%BE+%E8%88%B9%E5%9E%8B%E8%A5%AA+%E9%80%8F%E6%B0%A3%E8%A5%AA-1903182797-p+.xhtml?tkr=220620100710
6,1,1,https://tw.shop.com/%E5%86%B0%E7%B5%B2%E9%81%8B%E5%8B%95%E6%89%93%E5%BA%95%E5%90%8A%E5%B8%B6%E8%83%8C%E5%BF%83-1938553079-p+.xhtml?tkr=220620100710
6,1,1,https://tw.shop.com/V%E8%82%A9%E9%85%8D%E8%95%BE%E7%B5%B2%E5%86%B0%E7%B5%B2%E8%83%8C%E5%BF%83+3%E8%89%B2+-1931661739-p+.xhtml?tkr=220620100710
6,1,1,https://tw.shop.com/%E5%A4%A9%E7%B5%B2%E4%BA%9E%E9%BA%BB%E7%9F%AD%E8%A2%96%E8%A5%AF%E8%A1%AB-1928456822-p+.xhtml?tkr=220620100710
6,1,1,https://tw.shop.com/%E5%A4%8F%E5%AD%A3%E5%BF%85%E5%82%99%E5%A4%96%E6%90%AD%E4%BB%99%E5%A5%B3%E7%8F%A0%E5%85%89%E7%B4%A0%E8%89%B2%E9%80%8F%E8%86%9A%E9%98%B2%E6%9B%AC%E8%A5%AF%E8%A1%AB%E9%95%B7%E8%A2%96%E8%96%84%E6%AC%BE%E4%B8%8A%E8%A1%A311%E8%89%B2-1933915359-p+.xhtml?tkr=220620100710
6,1,1,https://tw.shop.com/%E6%97%A5%E7%B3%BB%E5%86%B0%E7%B5%B2%E7%B8%AE%E5%8F%A3%E8%A4%B2-1935866148-p+.xhtml?tkr=220620100710
6,1,1,https://tw.shop.com/%E6%AD%90%E9%A2%A8KEITH+WILL+%E9%9B%85%E8%87%B4%E8%BC%95%E7%94%9C%E4%B8%89%E5%AE%85%E5%A3%93%E8%A4%B6%E9%A2%A8%E6%A0%BC%E5%93%88%E5%80%AB%E8%A4%B2+%E6%B6%BC%E6%84%9F+%E9%80%A0%E5%9E%8B+%E9%9B%AA%E7%B4%A1+%E4%BA%9E%E9%BA%BB+%E9%87%9D%E7%B9%94+-1937961203-p+.xhtml?tkr=220620100710
6,1,1,https://tw.shop.com/%E9%9F%93%E7%89%88%E5%86%B0%E7%B5%B2%E6%96%99%E9%AC%86%E7%B7%8A%E8%A4%B2%E9%A0%AD%E7%9F%AD%E8%A4%B2-1935301524-p+.xhtml?tkr=220620100710
6,1,1,https://tw.shop.com/abbie%E9%9F%93%E6%AC%BE%E7%B4%B0%E5%A3%93%E6%91%BA%E5%86%B0%E7%B5%B2%E6%B6%BC%E6%84%9F%E5%AF%AC%E8%A4%B2-1854591372-p+.xhtml?tkr=220620100710
6,1,1,https://tw.shop.com/%E6%97%A5%E7%B3%BB%E5%B0%91%E5%A5%B3%E4%B9%8B%E5%A4%8F%E5%AD%A3%E4%BA%9E%E9%BA%BB%E5%AF%AC%E9%AC%86%E9%AB%98%E8%85%B0%E5%90%8A%E5%B8%B6%E8%A3%99-1931827719-p+.xhtml?tkr=220620100710
6,1,1,https://tw.shop.com/%E9%9F%93%E5%9C%8BKW+%E8%BF%B7%E8%8A%B1%E8%AA%98%E6%84%9B%E6%A5%B5%E7%98%A6%E6%B4%8B%E8%A3%9D+%E6%A3%89%E9%BA%BB+%E6%B4%8B%E8%A3%9D+%E5%90%8A%E5%B8%B6+%E9%80%A3%E8%BA%AB%E8%A3%99+%E5%AF%AC%E9%AC%86+%E5%B1%85%E5%AE%B6+%E4%BC%91%E9%96%92+-1937961092-p+.xhtml?tkr=220620100710
6,1,1,https://tw.shop.com/%E7%B9%A1%E8%8A%B1%E9%8F%A4%E7%A9%BA%E6%B2%99%E7%81%98%E5%BA%A6%E5%81%87%E6%B4%8B%E8%A3%9D%E8%A6%AA%E5%AD%90%E8%A3%9D+D-1934405909-p+.xhtml?tkr=220620100710
6,1,1,https://tw.shop.com/28%E6%8A%98+%E8%B2%B71%E9%80%811+Lafelino%E6%B3%95%E5%88%A9%E8%AB%BE+%E6%B6%BC%E5%A4%8F%E6%96%B9%E7%A8%8B%E5%BC%8F%E5%AF%AC%E8%82%A9%E6%8E%92%E6%B1%97%E8%A1%A3-1935679418-p+.xhtml?tkr=220620100710
6,1,1,https://tw.shop.com/%E5%A4%8F%E5%AD%A3%E5%BF%85%E5%82%99+%E6%B6%BC%E6%84%9F%E8%88%92%E9%81%A9+%E7%B4%B0%E8%82%A9%E5%B8%B6%E7%BE%8E%E8%83%8C%E8%83%8C%E5%BF%83+bra+top+%E7%B4%A0%E8%89%B2%E8%83%8C%E5%BF%83+%E6%89%93%E5%BA%95%E8%83%8C%E5%BF%83%E5%A5%B3+%E5%B0%8F%E5%8F%AF%E6%84%9B+%E7%84%A1%E8%A2%96%E8%83%8C%E5%BF%83+%E9%A1%AF%E7%98%A6%E6%AC%BE%E8%83%8C%E5%BF%83+F1301+-1934908431-p+.xhtml?tkr=220620100710
6,1,1,https://tw.shop.com/GIAT+%E5%8F%B0%E7%81%A3%E8%A3%BD%E5%8A%A0%E5%A4%A7%E5%B0%BA%E7%A2%BC%E5%90%B8%E6%BF%95%E6%8E%92%E6%B1%97%E8%BC%95%E7%88%BD%E5%B9%B3%E5%8F%A3%E8%A4%B2+%E7%B4%A0%E8%89%B2+%E6%A2%9D%E7%B4%8B+M+3L+3+%E4%BB%B6+-1930801357-p+.xhtml?tkr=220620100710
6,1,1,https://tw.shop.com/%E5%86%B0%E7%B5%B2%E6%B6%BC%E6%84%9F%E7%84%A1%E7%97%95%E6%94%B6%E8%85%B9%E5%AE%89%E5%85%A8%E8%A4%B2+%E9%AB%98%E8%85%B0%E5%B9%B3%E5%8F%A3%E8%A4%B2+%E5%86%B0%E7%B5%B2%E5%85%A7%E8%A4%B2+%E5%A1%91%E8%BA%AB%E8%A4%B2+%E6%8F%90%E8%87%80%E8%A4%B2+%E6%94%B6%E8%85%B9%E8%A4%B2+%E5%AE%89%E5%85%A8%E8%A4%B2-1903584749-p+.xhtml?tkr=220620100710
6,1,1,https://tw.shop.com/food-a.xhtml?tkr=200330170029
6,1,1,https://tw.shop.com/Home+Store-a.xhtml?tkr=200330170315
6,1,1,https://tw.shop.com/Clothes-a.xhtml?tkr=200330170558
6,1,1,https://tw.shop.com/books-a.xhtml?tkr=200330170835
6,1,1,https://tw.shop.com/Electronics-a.xhtml?tkr=200330171729
6,1,1,https://tw.shop.com/hot-deals?tkr=200330172122
6,1,1,https://tw.shop.com/healthnutrition-a.xhtml?tkr=200330172314
6,1,1,https://tw.shop.com/Beauty-a.xhtml?tkr=200330180210
6,1,1,https://tw.shop.com/baby-a.xhtml?tkr=200330180321
6,1,1,https://tw.shop.com/petsupplies-a.xhtml?tkr=200330180449
6,1,1,https://tw.shop.com/travel-a.xhtml?tkr=200330180614
6,1,1,https://tw.shop.com/info/our-brands?tkr=200330180734
6,1,1,https://tw.shop.com/new-partner-stores-k.xhtml?tkr=200518103402
6,1,1,https://tw.shop.com/ps%5Frecruit%5Fintro-v.xhtml?tkr=200518103856
6,1,1,https://tw.shop.com/first%5F10%5FOff%5FTerms-v.xhtml?tkr=200518104248
6,1,1,https://tw.shop.com/%E7%BE%8E%E5%AE%89%E9%9B%BB%E5%AD%90%E9%8C%A2%E5%8C%85-917937626-p+.xhtml?tkr=200518105107
6,1,1,https://tw.shop.com/credit%5Fcards-v.xhtml?tkr=200518105339
6,1,1,https://tw.shop.com/hot-deals?tkr=220228121241
6,1,1,https://tw.shop.com/nbts/cid125422-vid278045-xservice-link%5Foff.xhtml?tkr=220615035325
6,1,1,https://tw.shop.com/2020healthandcleaning-k.xhtml?tkr=210707162736
6,1,1,https://tw.shop.com/%E6%84%9B%E5%B0%9A%E5%AE%83+reg+%E6%AF%8F%E6%97%A5%E7%B2%BE%E9%81%B8%E7%B5%84%E5%90%88%E9%9A%A8%E8%BA%AB%E5%8C%85-1763845633-p+.xhtml?tkr=210409131759
6,1,1,https://tw.shop.com/%E6%84%9B%E5%B0%9A%E5%AE%83+reg+%E6%AF%8F%E6%97%A5%E7%B2%BE%E9%81%B8%E7%B5%84%E5%90%88%E9%9A%A8%E8%BA%AB%E5%8C%85-1763845633-p+.xhtml?tkr=210409131759#reviews
6,1,1,https://tw.shop.com/%E8%98%86%E8%96%88%E7%B2%89-1478424461-p+.xhtml?tkr=210409131759
6,1,1,https://tw.shop.com/%E8%98%86%E8%96%88%E7%B2%89-1478424461-p+.xhtml?tkr=210409131759#reviews
6,1,1,https://tw.shop.com/%E5%85%A8%E6%96%B0%E7%94%9F%E6%B4%BB+trade+%E9%9D%9E%E6%B4%B2%E8%8A%92%E6%9E%9C%E8%8C%B6%E9%A3%B2-1644012473-p+.xhtml?tkr=210409131759
6,1,1,https://tw.shop.com/%E5%85%A8%E6%96%B0%E7%94%9F%E6%B4%BB+trade+%E9%9D%9E%E6%B4%B2%E8%8A%92%E6%9E%9C%E8%8C%B6%E9%A3%B2-1644012473-p+.xhtml?tkr=210409131759#reviews
6,1,1,https://tw.shop.com/%E6%84%9B%E5%B0%9A%E5%AE%83+reg+%E7%9B%8A%E7%94%9F%E6%B6%88%E5%8C%96%E9%85%B5%E7%B4%A0%E7%B2%89%E6%9C%AB+%E9%9A%A8%E8%BA%AB%E5%8C%85-644795621-p+.xhtml?tkr=210409131759
6,1,1,https://tw.shop.com/%E6%84%9B%E5%B0%9A%E5%AE%83+reg+%E7%9B%8A%E7%94%9F%E6%B6%88%E5%8C%96%E9%85%B5%E7%B4%A0%E7%B2%89%E6%9C%AB+%E9%9A%A8%E8%BA%AB%E5%8C%85-644795621-p+.xhtml?tkr=210409131759#reviews
6,1,1,https://tw.shop.com/%E5%85%A8%E6%96%B0%E7%94%9F%E6%B4%BB+trade+%E9%9D%9E%E6%B4%B2%E8%8A%92%E6%9E%9C%E5%92%96%E5%95%A1-1737489982-p+.xhtml?tkr=210409131759
6,1,1,https://tw.shop.com/%E5%85%A8%E6%96%B0%E7%94%9F%E6%B4%BB+trade+%E9%9D%9E%E6%B4%B2%E8%8A%92%E6%9E%9C%E5%92%96%E5%95%A1-1737489982-p+.xhtml?tkr=210409131759#reviews
6,1,1,https://tw.shop.com/%E6%84%9B%E5%B0%9A%E5%AE%83%E7%9B%8A%E5%96%84+trade+%E6%B4%BB%E5%8A%9B%E9%85%8D%E6%96%B9%E7%B2%89%E6%9C%AB%E9%A3%9F%E5%93%81-1736128623-p+.xhtml?tkr=210409131759
6,1,1,https://tw.shop.com/%E6%84%9B%E5%B0%9A%E5%AE%83%E7%9B%8A%E5%96%84+trade+%E6%B4%BB%E5%8A%9B%E9%85%8D%E6%96%B9%E7%B2%89%E6%9C%AB%E9%A3%9F%E5%93%81-1736128623-p+.xhtml?tkr=210409131759#reviews
6,1,1,https://tw.shop.com/%E6%84%9B%E5%B0%9A%E5%AE%83%E7%9B%8A%E5%96%84+trade+%E5%A5%B3%E6%80%A7%E4%BF%9D%E5%81%A5%E9%85%8D%E6%96%B9%E7%B2%89%E6%9C%AB%E9%A3%9F%E5%93%81-1736128621-p+.xhtml?tkr=210409131759
6,1,1,https://tw.shop.com/%E6%84%9B%E5%B0%9A%E5%AE%83%E7%9B%8A%E5%96%84+trade+%E5%A5%B3%E6%80%A7%E4%BF%9D%E5%81%A5%E9%85%8D%E6%96%B9%E7%B2%89%E6%9C%AB%E9%A3%9F%E5%93%81-1736128621-p+.xhtml?tkr=210409131759#reviews
6,1,1,https://tw.shop.com/%E6%84%9B%E5%B0%9A%E5%AE%83%E7%9B%8A%E5%96%84+trade+%E8%88%92%E5%AF%A7%E9%85%8D%E6%96%B9%E7%B2%89%E6%9C%AB%E9%A3%9F%E5%93%81-1736128622-p+.xhtml?tkr=210409131759
6,1,1,https://tw.shop.com/%E6%84%9B%E5%B0%9A%E5%AE%83%E7%9B%8A%E5%96%84+trade+%E8%88%92%E5%AF%A7%E9%85%8D%E6%96%B9%E7%B2%89%E6%9C%AB%E9%A3%9F%E5%93%81-1736128622-p+.xhtml?tkr=210409131759#reviews
6,1,1,https://tw.shop.com/%E7%BE%8E%E5%AE%89%E8%BB%9F%E7%B3%96-1347506701-p+.xhtml?tkr=210409131759
6,1,1,https://tw.shop.com/%E7%BE%8E%E5%AE%89%E8%BB%9F%E7%B3%96-1347506701-p+.xhtml?tkr=210409131759#reviews
6,1,1,https://tw.shop.com/%E6%84%9B%E7%9A%84%E5%A5%87%E8%B9%9F+trade+%E5%85%92%E7%AB%A5%E8%BB%9F%E7%B3%96-1362076310-p+.xhtml?tkr=210409131759
6,1,1,https://tw.shop.com/%E6%84%9B%E7%9A%84%E5%A5%87%E8%B9%9F+trade+%E5%85%92%E7%AB%A5%E8%BB%9F%E7%B3%96-1362076310-p+.xhtml?tkr=210409131759#reviews
6,1,1,https://tw.shop.com/%E8%B3%BC%E7%89%A9%E5%B9%B4%E9%87%91%E7%B2%BE%E9%81%B8%E5%95%86%E5%93%81-v246293-c+.xhtml?tkr=210119135940
6,1,1,https://tw.shop.com/%E7%BE%8E%E5%AE%89%E5%A8%81%E6%B7%A8+trade+%E8%90%AC%E7%94%A8%E5%A4%A9%E7%84%B6%E6%BF%83%E7%B8%AE%E6%B8%85%E6%BD%94%E5%8A%91-644795688-p+.xhtml?tkr=210409131918
6,1,1,https://tw.shop.com/%E7%BE%8E%E5%AE%89%E5%A8%81%E6%B7%A8+trade+%E8%90%AC%E7%94%A8%E5%A4%A9%E7%84%B6%E6%BF%83%E7%B8%AE%E6%B8%85%E6%BD%94%E5%8A%91-644795688-p+.xhtml?tkr=210409131918#reviews
6,1,1,https://tw.shop.com/%E7%BE%8E%E5%AE%89%E5%A8%81%E6%B7%A8+trade+%E5%BC%B7%E5%8A%9B%E9%85%B5%E7%B4%A0%E9%AB%98%E6%95%88%E6%B4%97%E8%A1%A3%E7%B2%BE-644795691-p+.xhtml?tkr=210409131918
6,1,1,https://tw.shop.com/%E7%BE%8E%E5%AE%89%E5%A8%81%E6%B7%A8+trade+%E5%BC%B7%E5%8A%9B%E9%85%B5%E7%B4%A0%E9%AB%98%E6%95%88%E6%B4%97%E8%A1%A3%E7%B2%BE-644795691-p+.xhtml?tkr=210409131918#reviews
6,1,1,https://tw.shop.com/%E8%98%86%E8%96%88%E6%B1%81-644795699-p+.xhtml?tkr=210409131918
6,1,1,https://tw.shop.com/%E8%98%86%E8%96%88%E6%B1%81-644795699-p+.xhtml?tkr=210409131918#reviews
6,1,1,https://tw.shop.com/%E6%84%9B%E5%B0%9A%E5%AE%83+reg+%E7%B6%AD%E7%94%9F%E7%B4%A0D3+%E5%90%AB%E7%B6%AD%E7%94%9F%E7%B4%A0K2+%E7%B2%89%E6%9C%AB-830636060-p+.xhtml?tkr=210409131918
6,1,1,https://tw.shop.com/%E6%84%9B%E5%B0%9A%E5%AE%83+reg+%E7%B6%AD%E7%94%9F%E7%B4%A0D3+%E5%90%AB%E7%B6%AD%E7%94%9F%E7%B4%A0K2+%E7%B2%89%E6%9C%AB-830636060-p+.xhtml?tkr=210409131918#reviews
6,1,1,https://tw.shop.com/%E6%84%9B%E5%B0%9A%E5%AE%83+reg+%E7%B6%AD%E7%94%9F%E7%B4%A0C%E7%B2%89%E6%9C%AB-830636061-p+.xhtml?tkr=210409131918
6,1,1,https://tw.shop.com/%E6%84%9B%E5%B0%9A%E5%AE%83+reg+%E7%B6%AD%E7%94%9F%E7%B4%A0C%E7%B2%89%E6%9C%AB-830636061-p+.xhtml?tkr=210409131918#reviews
6,1,1,https://tw.shop.com/%E6%84%9B%E5%B0%9A%E5%AE%83+reg+%E5%80%8D%E8%AD%B7%E5%BA%B7%E9%85%8D%E6%96%B9%E7%B2%89%E6%9C%AB-1004699600-p+.xhtml?tkr=210409131918
6,1,1,https://tw.shop.com/%E6%84%9B%E5%B0%9A%E5%AE%83+reg+%E5%80%8D%E8%AD%B7%E5%BA%B7%E9%85%8D%E6%96%B9%E7%B2%89%E6%9C%AB-1004699600-p+.xhtml?tkr=210409131918#reviews
6,1,1,https://tw.shop.com/%E7%BE%8E%E5%AE%89%E5%A8%81%E6%B7%A8+trade+%E5%BC%B7%E6%95%88%E6%B8%85%E6%BD%94%E5%8A%91-644795692-p+.xhtml?tkr=210409131918
6,1,1,https://tw.shop.com/%E7%BE%8E%E5%AE%89%E5%A8%81%E6%B7%A8+trade+%E5%BC%B7%E6%95%88%E6%B8%85%E6%BD%94%E5%8A%91-644795692-p+.xhtml?tkr=210409131918#reviews
6,1,1,https://tw.shop.com/%E8%98%86%E8%96%88%E7%B2%89-1478424461-p+.xhtml?tkr=210409131918
6,1,1,https://tw.shop.com/%E8%98%86%E8%96%88%E7%B2%89-1478424461-p+.xhtml?tkr=210409131918#reviews
6,1,1,https://tw.shop.com/%E7%9B%8A%E7%94%9F%E5%8D%81%E8%8F%8C%E9%85%8D%E6%96%B9%E9%8C%A0%E7%8B%80%E9%A3%9F%E5%93%81-1842397195-p+.xhtml?tkr=210409131918
6,1,1,https://tw.shop.com/%E7%9B%8A%E7%94%9F%E5%8D%81%E8%8F%8C%E9%85%8D%E6%96%B9%E9%8C%A0%E7%8B%80%E9%A3%9F%E5%93%81-1842397195-p+.xhtml?tkr=210409131918#reviews
6,1,1,https://tw.shop.com/%E6%84%9B%E5%B0%9A%E5%AE%83+reg+%E7%B6%9C%E5%90%88%E7%A4%A6%E7%89%A9%E8%B3%AA%E7%B2%89%E6%9C%AB-644795624-p+.xhtml?tkr=210409131918
6,1,1,https://tw.shop.com/%E6%84%9B%E5%B0%9A%E5%AE%83+reg+%E7%B6%9C%E5%90%88%E7%A4%A6%E7%89%A9%E8%B3%AA%E7%B2%89%E6%9C%AB-644795624-p+.xhtml?tkr=210409131918#reviews
6,1,1,https://tw.shop.com/Isotonix+%E6%84%9B%E5%B0%9A%E5%AE%83+%E6%84%9B%E4%B8%8A%E7%AD%89%E6%BB%B2%E9%80%8F-v246292-c+.xhtml
6,1,1,https://tw.shop.com/%E7%BE%85%E7%90%B3+%E8%90%8A%E4%B8%81%E6%A0%BC%E4%B9%8B%E8%8E%AB%E8%92%82%E8%86%9A+-v246294-c+.xhtml
6,1,1,https://tw.shop.com/%E7%BE%8E%E5%AE%89%E5%A8%81%E6%B7%A8+-v246302-c+.xhtml
6,1,1,https://tw.shop.com/%E6%84%9B%E7%9A%84%E5%A5%87%E8%B9%9F+-v250614-c+.xhtml
6,1,1,https://tw.shop.com/Pethealth+trade+%E4%BD%8E%E6%95%8F%E5%AF%B5%E7%89%A9%E6%B2%90%E6%B5%B4%E7%B2%BE-1736209572-p+.xhtml
6,1,1,https://tw.shop.com/search/%E7%8F%A0%E5%AF%B6%E3%80%81%E9%A3%BE%E5%93%81%E3%80%81%E6%89%8B%E9%8C%B6--20?eb=1
6,1,1,https://tw.shop.com/stores-a-z
6,1,1,https://tw.shop.com/%E9%81%A0%E5%82%B3%E4%BC%81%E6%A5%AD%E5%AE%A2%E6%88%B6%E9%9B%BB%E4%BF%A1%E5%B0%88%E5%8D%80-v280418-c+.xhtml
6,1,1,https://tw.shop.com/%E9%AE%AE%E9%A3%9F%E5%AE%B6-v277379-c+.xhtml
6,1,1,https://tw.shop.com/%E5%BF%AB%E8%BB%8A%E8%82%89%E4%B9%BE-v286186-c+.xhtml
6,1,1,https://tw.shop.com/%E7%94%9F%E6%B4%BB%E5%B7%A5%E5%A0%B4%E7%B7%9A%E4%B8%8A%E8%B3%BC%E7%89%A9-v281008-c+.xhtml
6,1,1,https://tw.shop.com/%E9%87%91%E6%A0%BC%E6%9C%AC%E8%88%96-v275309-c+.xhtml
6,1,1,https://tw.shop.com/%E5%8D%9C%E8%9C%82%E9%A3%9F%E5%93%81%E8%B3%BC%E7%89%A9%E7%B6%B2-v276250-c+.xhtml
6,1,1,https://tw.shop.com/%E7%9B%9B%E9%A6%99%E7%8F%8D%E8%B3%BC%E7%89%A9%E7%B6%B2-v277501-c+.xhtml
6,1,1,https://tw.shop.com/%E8%81%AF%E8%8F%AF%E9%A3%9F%E5%93%81E%E8%B3%BC%E7%B6%B2-v275566-c+.xhtml
6,1,1,https://tw.shop.com/%E5%BF%83%E8%B7%AF+%E5%B9%B8%E7%A6%8F+%E5%B7%A5%E5%A0%B4-v265889-c+.xhtml
6,1,1,https://tw.shop.com/%E9%BB%91%E6%A9%8B%E7%89%8C%E8%B3%BC%E7%89%A9%E5%95%86%E5%9F%8E-v274080-c+.xhtml
6,1,1,https://tw.shop.com/%E5%BE%A9%E8%88%88%E8%88%AA%E6%A3%A7+%E6%A1%83%E5%9C%92%E5%A4%A7%E5%9C%92%E7%B8%BD%E8%88%AA%E6%A3%A7%E9%96%80%E5%B8%82-v280929-c+.xhtml
6,1,1,https://tw.shop.com/%E8%80%81%E9%84%A7%E6%8B%85%E6%8B%85%E9%BA%B5-v282361-c+.xhtml
6,1,1,https://tw.shop.com/POPCORN-v289239-c+.xhtml
6,1,1,https://tw.shop.com/%E4%BD%95%E5%98%89%E4%BB%81%E6%9B%B8%E5%BA%97-v288095-c+.xhtml
6,1,1,https://tw.shop.com/%E5%BE%B7%E6%B3%B0%E5%BD%88%E7%B0%A7%E5%BA%8A+%E4%B8%AD%E5%B1%B1%E9%95%B7%E6%98%A5%E9%96%80%E5%B8%82-v275007-c+.xhtml
6,1,1,https://tw.shop.com/%E6%A0%BC%E8%95%BE%E5%AF%A2%E9%A3%BE+Great+Living+%E6%B0%B8%E5%BA%B7%E6%97%97%E8%89%A6%E5%BA%97-v282495-c+.xhtml
6,1,1,https://tw.shop.com/ombre+-v286445-c+.xhtml
6,1,1,https://tw.shop.com/85%E5%BA%A6C%E5%92%96%E5%95%A1%E8%9B%8B%E7%B3%95+%E6%96%97%E5%85%AD%E8%8E%8A%E6%95%AC%E5%BA%97-v281753-c+.xhtml
6,1,1,https://tw.shop.com/%E7%B1%B3%E8%BF%A6%E5%8D%83%E5%B1%A4%E4%B9%B3%E9%85%AA+%E5%9C%8B%E6%85%B6%E5%BA%97-v282065-c+.xhtml
6,1,1,https://tw.shop.com/%E8%B7%B3%E8%88%9E%E9%A6%99%E6%B0%B4+%E8%A1%9B%E6%AD%A6%E7%87%9F%E5%BA%97-v286171-c+.xhtml
6,1,1,https://tw.shop.com/info/about-us
6,1,1,https://tw.shop.com/info/help
6,1,1,https://tw.shop.com/info/contact-us
6,1,1,https://tw.shop.com/info/marketplace-partner-programs
6,1,1,https://tw.shop.com/info/services
6,0,1,https://tw.shop.com?tkr=s16777
6,0,1,https://www.SHOPGlobal.com/
6,0,1,http://blog.markettaiwan.com.tw/
6,0,1,http://www.facebook.com/markettaiwan
6,0,1,http://www.youtube.com/user/MarketTaiwanVideos
6,0,1,http://instagram.com/markettaiwan
6,0,1,http://www.twitter.com/markettaiwan
6,0,1,http://www.plurk.com/markettaiwan
6,1,1,https://tw.shop.com/info/launch-my-site
6,1,1,https://tw.shop.com/info/privacy-policy
6,1,1,https://tw.shop.com/info/terms-of-use
6,0,1,https://www.trilliontreecampaign.org/t/shop-com
6,1,1,https://tw.shop.com/terms_conditions_acq-v.xhtml
6,1,1,https://tw.shop.com/AboutPrivacyPolicy-t.xhtml
6,1,1,https://tw.shop.com/AboutTermsOfUse-t.xhtml
