ncpol, 2
ncga, 2
mining, 10
energy, 2
ãâãâ©ãâãâ£ãâãâ²ãâãâ©ãâãâ£ãâãâãâãâ¥ãâãâºãâãâãâãâ¥ãâãâ¿ãâãâãâãâ¦ãâãâãâãâ´, 14
food, 49
foodots, 98
premium, 51
toy, 49
box, 49
ptb, 49
dots, 32
japan, 98
yamagata, 49
foryoutuber, 48
withyoutuber, 49
shiseilabo, 48
tonkatsu, 1
culture, 3
aimai, 3
nftgiveaway, 4
nft, 10
nftart, 4
nftcommmunity, 4
nftprojects, 4
nftproject, 4
solananfts, 4
solanacommunity, 4
solana, 4
thai, 1
buddhism, 5
ajahnchah, 1
freedownload, 34
restaurant, 18
ãâãâ©ãâãâ£ãâãâ²ãâãâ©ãâãâ£ãâãâãâãâ¥ãâãâºãâãâãâãâ§ãâãâãâãâ¡ãâãâ¦ãâãâãâãâãâãâ¦ãâãâãâãâ²ãâãâ¨ãâãâ¼ãâãâ, 17
best, 5
ãâãâ¦ãâãâãâãâ¥ãâãâ¦ãâãâãâãâ¬, 3
ãâãâ¥ãâãâ¤ãâãâ§ãâãâ©ãâãâãâãâª, 1
ãâãâ©ãâãâãâãâ£ãâãâ¦ãâãâ³ãâãâ¢, 1
ãâãâ¥ãâãâ¤ãâãâ§ãâãâ©ãâãâ»ãâãâ, 1
ãâãâ¥ãâãâ¤ãâãâ©ãâãâ¥ãâãâ¯ãâãâ¿ãâãâ£ãâãâãâãâ, 1
ãâãâ¥ãâãâãâãâãâãâ©ãâãâãâãâãâãâ¥ãâãâ±ãâãâ±, 1
yoroniku, 1
ãâãâ£ãâãâãâãâãâãâ£ãâãâãâãâãâãâ£ãâãâãâãâ«ãâãâ£ãâãâãâãâ, 1
ãâãâ¦ãâãâ¨ãâãâªãâãâ§ãâãâ¶ãâãâ±, 1
yokohama, 1
ãâãâ¦ãâãâ¨ãâãâªãâãâ¦ãâãâµãâãâ, 1
ãâãâ©ãâãâãâãâ¢ãâãâ¥ãâãâãâãâ, 1
nakajyo, 1
ãâãâ£ãâãâãâãâªãâãâ£ãâãâãâãâãâãâ¦ãâãâ¢ãâãâ, 1
mendokoro, 1
zen, 1
ãâãâ©ãâãâºãâãâºãâãâ¥ãâãâãâãâ¦, 1
ãâãâ§ãâãâ¦ãâãâ, 1
sugita, 1
ãâãâ¦ãâãâãâãâ¥ãâãâ¦ãâãâãâãâ¬ãâãâ¦ãâãâ©ãâãâãâãâ¨ãâãâãâãâãâãâ¦ãâãâ®ãâãâ»ãâãâ§ãâãâãâãâº, 1
ãâãâ£ãâãâãâãâãâãâ£ãâãâãâãâãâãâ£ãâãâãâãâ, 1
quintessence, 1
ãâãâ£ãâãâãâãâ«ãâãâ£ãâãâãâãâ³ãâãâ£ãâãâãâãâãâãâ£ãâãâãâãâµãâãâ£ãâãâãâãâ³ãâãâ£ãâãâãâãâ¹, 1
lestwarog, 12
marketplace, 13
marketresearch, 1
qrcode, 157
contactless, 1
nfc, 6
barcode, 10
business, 6
scancode, 1
onlinemarketing, 2
desing, 1
dtv, 1
retail, 14
statistics, 1
free, 11
android, 7
app, 3
branding, 3
marketing, 35
mobile, 19
nfts, 6
iphone14pro, 3
freeservice, 3
rfid, 3
scanbuy, 1
tech, 10
mutamenti, 1
security, 6
risk, 1
threat, 1
fraud, 1
awareness, 1
wisemarketing, 1
sushishop, 1
france, 1
throwbackthursdayonafriday, 1
dorjeshugden, 3
tibetanbuddhism, 1
protector, 1
mustread, 1
legal, 1
smes, 1
ottawa, 1
ãâãâ¦ãâãâãâãâ°ãâãâ£ãâãâãâãâãâãâ£ãâãâãâãâãâãâ£ãâãâãâãâãâãâ£ãâãâãâãâ­ãâãâ£ãâãâãâãâãâãâ£ãâãâãâãâ£ãâãâ£ãâãâãâãâ¼ãâãâ£ãâãâãâãâ«, 1
nftjapan, 1
bcs, 3
certificate, 98
specialist, 1
service, 1
level, 1
management, 1
qualification, 1
projectmanagement, 1
authority, 2
google, 1
unauthorized, 1
blockchain, 7
web3, 1
community, 1
hiring, 1
coldplayperu, 1
coldplay, 1
guerraalacorrupcion, 1
emprender, 1
queenelizabeth, 1
nftartist, 1
influencer, 1
nftcommunity, 2
nftsale, 1
nftcomunity, 1
nftcreators, 1
royalty, 1
platinum, 1
palladium, 1
stockfam, 1
crypto, 5
uranium, 2
athabascabasin, 2
saskatchewan, 3
canada, 2
uraniumrush, 1
property, 1
landlords, 1
tenants, 1
investment, 33
realestate, 7
tourism, 1
investmentideas, 1
increase, 1
sales, 2
commercial, 1
securitywing, 9
bangalore, 1
fake, 1
it, 2
experience, 1
scam, 2
advanced, 1
beauty, 2
course, 1
digital, 16
exam, 1
malpractice, 1
forgery, 2
rock, 1
sec, 1
itil, 1
citrix, 1
pmp, 1
accounting, 1
hawaii, 1
health, 1
obama, 5
plane, 1
america, 2
microsoftteams, 1
directrouting, 1
microsoft365, 5
microsoftineducation, 1
microsoftpartner, 2
nepal, 2
peertopeer, 2
website, 2
shoplocal, 1
shopsmall, 1
smallbiz, 1
artisan, 1
minnesotamaker, 1
standforsmall, 1
entrepreneur, 2
mn, 1
minnesota, 1
fundraiser, 1
christmas, 1
xmas, 1
maker, 1
agents, 1
steerings, 1
crea, 1
commission, 1
venturecapital, 2
budget, 1
housing, 3
canadians, 1
policy, 2
mcommerce, 1
epay, 2
jo, 1
paper, 1
participatoryplanning, 1
smart, 1
sustainable, 2
cities, 1
socialsustainability, 1
smartcities, 1
chahamalalouch, 1
realestatemarket, 1
investors, 1
options, 1
supply, 1
building, 2
development, 1
vin, 1
bih, 1
turisti, 1
turizam, 1
ljeto, 1
sezona, 1
bosna, 1
fbih, 1
rs, 1
posjeta, 1
projekat, 1
rãâãâãâãâ©alitãâãâãâãâ©augmentãâãâãâãâ©e, 2
tice, 1
augmentedreality, 2
swift, 1
tutorial, 1
packaging, 1
millenials, 1
qrmedication, 1
inkjetprinting, 1
pharma, 1
patientsafety, 1
personalizedmedicine, 1
mhealth, 1
medicationadherence, 1
specialtypharmacy, 1
pteducation, 1
qr, 11
qrc, 2
leads, 5
mlm, 5
homebusiness, 5
success, 6
unique, 4
painted, 4
traditional, 4
japanese, 4
beautiful, 4
buddha, 10
images, 6
tsemrinpoche, 4
spirituality, 4
art, 6
artgallery, 4
paintings, 3
paint, 3
creative, 3
design, 12
blessing, 4
meditate, 3
pain, 1
covid, 2
passengers, 1
p2010tdi, 1
type, 1
bangladesh, 1
departing, 1
foreigners, 1
nbr, 1
sues, 1
shops, 1
displaying, 1
vat, 1
world, 1
game, 1
news, 5
btc, 1
fashion, 1
life, 1
minds, 1
spiritual, 3
soul, 1
nftartiãâãâãâãâsts, 1
usopen, 1
eth, 2
tigraygenocide, 1
eri, 1
renewablefuels, 1
proposed, 1
newproject, 2
capital, 1
londonoxfordairport, 1
infrastructure, 2
charlenethestarandhattiesheroes, 4
childrenshorsebooks, 1
lifelessons, 1
ambulanti, 1
lombardia, 1
cybersec, 1
infosec, 1
tipstodo, 1
showrooming, 1
ar, 1
referafriend, 1
dilloconhicode, 1
hicode, 3
qrcodeconimmagini, 2
aol, 1
great, 1
businesstobusiness, 1
ios, 5
scan, 5
altc, 1
toegangsbewijs, 1
azurefundamentals, 1
microsoftcertification, 1
microsofttraining, 1
microsoftcertified, 1
microsoftcloud, 1
microsoftazure, 1
romney, 1
birth, 4
joke, 1
microsoft, 3
professional, 17
officially, 1
ineligible, 1
president, 1
united, 1
states, 1
media, 1
nwo, 1
encryption, 1
network, 1
malware, 1
signed, 1
in, 2
ssl, 8
dublin, 46
culinary, 31
lifeskills, 31
chef, 31
yamantaka, 1
tantra, 2
tibet, 1
artwork, 2
artworks, 2
spiritualita, 2
buddhabless, 2
ancientculture, 2
worldheritage, 2
tibetanculture, 2
spiritualhealing, 2
ecommerce, 1
ecommercewebsite, 1
walmart, 1
contentwriting, 1
ecommercebusiness, 1
australia, 1
airtasker, 1
wealth, 2
money, 1
podcast, 1
motivation, 1
podcasting, 1
investing, 1
podcastersofinstagram, 1
podcasts, 1
spotify, 1
financialfreedom, 1
podcastlife, 1
finance, 3
how, 1
fix, 1
mozilla, 1
firefox, 1
marketingstrategy, 1
punk, 1
freewednesday, 1
ncdeq, 1
environment, 1
freespeech, 1
esg, 2
wealthtech, 1
funding, 2
healthtech, 1
himss22, 1
pinksocks, 1
vc, 1
mena, 1
europe, 1
mefed2022, 1
renewableenergy, 1
jordan, 1
germany, 1
centre, 1
shopping, 4
sells, 1
announce, 1
dividend, 1
reinvest, 1
shareholders, 1
ethereum, 2
nuclear, 1
russian, 1
accident, 1
coal, 1
music, 2
taylorswift, 1
reputation, 1
freecontent, 1
college, 4
freeillustrations, 1
freevectors, 1
letmeinform, 1
announcements, 1
updates, 1
alerts, 1
indianews, 1
federalbank, 1
tamilnadu, 1
financeothers, 1
banking, 1
opportunity, 2
listingagent, 1
income, 1
home, 1
renovation, 1
multinationals, 1
unctad, 1
uk, 1
netzero, 1
governments, 1
climatecrisis, 1
article, 1
writingcommunity, 1
insurance, 1
finances, 1
mineralexploration, 1
approved, 1
manitobamineraldevelopmentfund, 1
survey, 1
surveyrock, 1
option2technology, 2
tecnologia, 2
cartalimpia, 2
imnovation, 2
gaddariii, 1
amazing, 1
rotary, 1
fellowships, 1
grad, 1
owning, 1
first_aid, 1
canadianmining, 1
sask, 1
ontario, 1
fraserinstitute, 1
startups, 1
innovation, 2
invention, 1
ciao, 1
guerillamarketing, 1
online, 1
makeyourlifeeasy, 1
url, 1
shortcode, 1
bargaincental, 1
asset, 1
assettracking, 1
traceability, 2
foodtech, 2
googleglass, 1
edtech, 3
pointofsale, 1
technology, 1
hospitality, 1
mobility, 1
engchat, 1
magliette, 2
cenerentola, 1
classici, 3
maglietta, 1
religione, 1
socialmedia, 3
realestateindustry, 1
ezulix, 2
upicollection, 1
upi, 2
digitalpayment, 1
csc, 2
npci, 2
aepsservice, 1
wednesdaythought, 1
upipaymentgateway, 1
earncommission, 1
lovelearning, 1
bigdata, 1
comm_college, 1
vccs, 1
education, 1
exampoint, 1
edellroot, 1
microsoftoffice365, 1
office365, 1
trainingcourses, 1
trainingprovider, 1
trainingpartner, 1
plr, 1
freeplr, 2
freeebooks, 2
freeprivatelabelrights, 2
xenforo, 1
full, 1
install, 1
gub, 1
research, 1
grants, 1
giving, 1
ceremony, 1
bitcoin, 2
buddhacares, 1
china, 1
hongkong, 1
taiwan, 1
malaysia, 1
singapore, 1
india, 2
samplechapters, 1
kidlit, 2
children, 1
series, 2
friendship, 1
kindness, 1
onlinepayment, 1
paymentgateway, 1
uaebusiness, 1
uae, 1
onlinepayments, 1
paymentsolution, 1
newmusicposted, 1
labels, 1
barcodes, 1
watercolor, 1
reggae, 1
coast2coast, 1
reggaemixtape, 1
cryptocurrency, 1
nftcreator, 1
latam, 1
africa, 1
aid, 1
trade, 1
jobs, 1
africa2africa, 1
sustainabledevelopment, 1
growth, 1
africanfutures, 1
whyafrica, 1
dambisamoyo, 1
metaverse, 1
storytelling, 1
digitalmarketing, 1
pronouns, 1
teachenglish, 1
elementary, 1
school, 1
englishclass, 1
englishgrammar, 1
conditionalclauses, 1
insideid, 1
flooring, 1
stonework, 1
interiordesign, 1
blog, 1
teaswap, 1
binancesmartchain, 1
crosschain, 1
bottomfishing, 1
smallcaps, 1
altcoins, 1
stocks, 1
nftcollector, 1
column, 1
erwinfisser, 1
cadelevans, 1
startup, 7
rewards, 1
smartlabel, 1
mobileapp, 1
candy, 1
snacks, 1
secure, 1
teknoloji, 1
economy, 1
iot, 1
retailtechnology, 1
mobilepayment, 1
beacon, 1
namibia, 1
federalbudget, 1
developmentsgroup, 1
luxurylifestyles, 1
watches, 1
luxury, 1
nalco, 1
hands, 1
over, 1
new, 1
share, 1
discount, 1
gift, 1
tavern, 1
cryptocrash, 1
beta, 1
metamask, 2
bnbbetting, 1
cryptogaming, 1
dapp, 1
gamefi, 1
defi, 1
uniswap, 1
bancor, 1
strategy, 9
brickmortar, 9
stores, 9
mdefinite, 1
platform, 1
aeroporto, 1
asimove, 1
publicitãâãâãâãâ©print, 1
qhandy, 1
tweet, 1
fantastic, 1
love, 1
like, 1
ff, 1
now, 1
sapevatelo, 1
virtualshopping, 2
dynamics365, 1
