https://shar.es/afaj8p_https://pulse.ncpolicywatch.org/2022/05/11/democrats-from-the-west-push-update-of-150-year-old-federal-mining-law/, 1
https://shar.es/aH9DED_https://www.foodots.jp/2020/03/yuukun/, 1
https://shar.es/aHOKaq_https://www.foodots.jp/2020/05/syoutenchi/, 1
https://shar.es/aHOiz2_https://www.foodots.jp/2020/05/kiji/, 1
https://shar.es/aHOzDx_https://www.foodots.jp/2020/05/murata/, 1
https://shar.es/aHOw97_https://www.foodots.jp/2020/05/katsukichi-suidobashiten/, 1
https://shar.es/aHOJ8Q_https://www.foodots.jp/2020/05/daini-chikara-shuzo/, 1
https://shar.es/aHOJj3_https://www.foodots.jp/2020/05/tskiji-gindako/, 1
https://shar.es/aHOpnL_https://www.foodots.jp/restaurant-maccarina/, 1
https://shar.es/aHOgMJ_https://www.foodots.jp/murakami/, 1
https://shar.es/aHOgRp_https://www.foodots.jp/nakatanidou/, 1
https://shar.es/aHOgrJ_https://www.foodots.jp/terzina/, 1
https://shar.es/aHOWPV_https://www.foodots.jp/ristorante-canofilo/, 1
https://shar.es/aHOWOf_https://www.foodots.jp/ichinoki/, 1
https://shar.es/aHOocE_https://www.foodots.jp/saporokko/, 1
https://shar.es/aHOoXu_https://www.foodots.jp/hyousetsunomon/, 1
https://shar.es/aHObEH_https://www.foodots.jp/katsukani-no-hanasaki/, 1
https://shar.es/aHOb4F_https://www.foodots.jp/kitano-gurumetei/, 1
https://shar.es/aHObrn_https://www.foodots.jp/kaiyoutei/, 1
https://shar.es/aHOHME_https://www.foodots.jp/hakodateuni-murakami/, 1
https://shar.es/aHO3VB_https://www.foodots.jp/sumoutyaya-keidaien/, 1
https://shar.es/aHO3Ao_https://www.foodots.jp/tyankoteisyoku-tamatyan/, 1
https://shar.es/aHO341_https://www.foodots.jp/ishinabetei/, 1
https://3c5.com/Hi10S_https://3c5.com/Hi10S, 4
https://shar.es/anl3OA_https://www.tsemrinpoche.com/tsem-tulku-rinpoche/great-lamas-masters/venerable-ajahn-chah-the-forest-monk.html, 1
https://shar.es/aHPnpK_https://www.foodots.jp/kitchen-taka/, 1
https://shar.es/aHV8MX_https://www.foodots.jp/yamanouehonten/, 1
https://shar.es/aHSfHB_https://www.foodots.jp/nodoguro-semmon-ginzanakamata/, 1
https://shar.es/aHSWVR_https://www.foodots.jp/sagagyu-restaurant-sagaya/, 1
https://shar.es/aHTsFE_https://www.foodots.jp/nonki/, 1
https://shar.es/aHBV4W_https://www.foodots.jp/sakurai/, 1
https://shar.es/aHBS9P_https://www.foodots.jp/dotonbori-imai-imaihonten/, 1
https://shar.es/aHBTK0_https://www.foodots.jp/daikoku/, 1
https://shar.es/aHBRxB_https://www.foodots.jp/bogamari-cucina-marinara/, 1
https://shar.es/aHBYt5_https://www.foodots.jp/behunazuma/, 1
https://shar.es/aHBhR4_https://www.foodots.jp/enji/, 1
https://shar.es/aHBb7L_https://www.foodots.jp/jasmine/, 1
https://shar.es/aHB19g_https://www.foodots.jp/jotaki/, 1
https://shar.es/aHB1uc_https://www.foodots.jp/matsukawa/, 1
https://shar.es/aHR1mB_https://www.foodots.jp/den/, 1
https://shar.es/aHFZ59_https://www.foodots.jp/sushi-sakai/, 1
https://shar.es/aHF4Jj_https://www.foodots.jp/tenzhushi/, 1
https://shar.es/aHQLpO_https://www.foodots.jp/yoroniku/, 1
https://shar.es/aHQDQl_https://www.foodots.jp/test-kitchen-h/, 1
https://shar.es/aHQwKi_https://www.foodots.jp/nakajyo/, 1
https://shar.es/aHQvVY_https://www.foodots.jp/mendokoro-zen/, 1
https://shar.es/aHQgth_https://www.foodots.jp/ariduka/, 1
https://shar.es/aHUQgJ_https://www.foodots.jp/2020/05/sugita/, 1
https://shar.es/aHU8V3_https://www.foodots.jp/2020/05/quintessence-french/, 1
https://shar.es/aHUy7R_https://www.foodots.jp/2020/05/curry-plant/, 1
https://shar.es/aHUfUo_https://www.foodots.jp/2020/05/yoshinosushi/, 1
https://shar.es/aHUfaJ_https://www.foodots.jp/2020/03/manos/, 1
https://rem.ax/30nBjCH_https://www.mpamag.com/ca/news/general/a-new-option-for-struggling-airbnb-investors-rewca/286420, 1
https://urlzs.com/n9MMg_https://www.reportsanddata.com/report-detail/smart-transportation-market, 1
https://urlzs.com/vN9aC_https://www.reportsanddata.com/report-detail/smart-hd-tv-market, 1
https://shar.es/aWNlUd_https://softwaredevelopersindia.com/blogs/create-a-peer-to-peer-marketplace-website/, 1
http://shar.es/xh6IK_http://shar.es/xh6IK, 1
http://shar.es/x70Le_https://www.techadvisor.com/news/enterprise/3453249/starbucks-introduces-contactless-payments-to-550-uk-stores, 1
http://shar.es/xvMQ8_http://shar.es/xvMQ8, 1
http://shar.es/wTbOX_http://barcode.com/201306111154/the-first-billions-scans-are-the-hardest.html, 1
http://shar.es/wtwWb_http://shar.es/wtwWb, 1
http://shar.es/ZITwj_https://www.ideo-compo.com/integrer-qr-code-communication/, 1
http://shar.es/ZzRGr_http://shar.es/ZzRGr, 1
http://bit.ly/10MlW2J_http://shar.es/ZlJWE?utm_source=buffer&utm_medium=twitter&utm_campaign=Buffer&utm_content=buffera5d15, 1
http://shar.es/ZjkwD_http://shar.es/ZjkwD, 1
http://shar.es/ZXjuN_http://shar.es/ZXjuN, 1
http://kaywa.me/3IQJi_https://www.amway.it/, 1
http://shar.es/l6dqu_http://shar.es/l6dqu, 1
http://shar.es/lqJfE_http://shar.es/lqJfE, 2
http://shar.es/e3Vrs_http://shar.es/e3Vrs, 16
http://shar.es/JEPS1_http://shar.es/JEPS1, 1
http://shar.es/JKpek_http://shar.es/JKpek, 1
http://shar.es/JoIea_http://shar.es/JoIea, 1
http://shar.es/deVJU_https://www.dekh.com/blog/post/use-of-qr-codes-to-effectively-market-businesses, 2
https://hotm.art/4BMb3J_https://criptogamesmonetizatusnfts.club.hotmart.com/signup?ref=A74612488F, 1
http://2dr.eu_https://2dr.eu/, 6
http://shar.es/DXr75_http://shar.es/DXr75, 1
http://shar.es/8qn3P_http://shar.es/8qn3P, 1
http://shar.es/8W18b_http://shar.es/8W18b, 1
http://shar.es/IN2Q4_http://shar.es/IN2Q4, 1
http://shar.es/EENdu_http://barcode.com/201310181484/scanbuy-growth-continues.html#sthash.DDgpaCW5.uxfs, 1
http://shar.es/EyTzJ_https://ohgizmo.com/2013/10/14/new-app-gives-you-access-to-cash-at-atm-without-your-card/, 1
http://shar.es/EvsmJ_http://shar.es/EvsmJ, 1
http://shar.es/iLWQE_http://shar.es/iLWQE, 1
http://shar.es/zhJGh_http://shar.es/zhJGh, 1
http://shar.es/zqxok_http://shar.es/zqxok, 1
http://shar.es/yjOkB_http://shar.es/yjOkB, 1
http://shar.es/ym3vD_http://shar.es/ym3vD, 1
http://tinylink.net/33697_http://tinylink.net/33697, 1
https://shar.es/a1WR5D_https://www.tsemrinpoche.com/tsem-tulku-rinpoche/downloads/dorje-shugden-graphic-novels-free-download.html, 1
https://shar.es/aWBGI_https://shar.es/aWBGI, 1
https://koji.to/PokerFace_https://withkoji.com/@PokerFace, 1
http://bit.ly/1bWBPdL_http://shar.es/Kwyap, 2
http://bit.ly/1h0sX4x_http://shar.es/KsNYP, 1
http://shar.es/lkdOE_http://shar.es/lkdOE, 1
http://bit.ly/15n4t2v_http://shar.es/Y8DMg, 2
http://shar.es/4HPUJ_https://www.networkworld.com/asia/news/2013/010313-google-finds-unauthorized-certificate-for-265479.html?source=NWWNLE_nlt_security_2013-01-04, 1
https://3c5.com/sla9o_https://medium.com/@somhako/somhako-ecab58f3609a, 1
http://hotm.art/dX7u5Bk_https://www.agusdeanchorena.com/crece-en-instagram?ref=K74610949S, 1
https://hotm.art/A0ScwyIw9_http://static.hotmart.com/shortener/index.html, 1
https://shar.es/aWZPWR_https://www.thenewswire.com/press-releases/1BNMFP6zo-st-georges-acquires-half-of-the-manicouagan-project-royalty.html, 1
https://mub.me/cryptomine_https://iqmining.com/, 1
https://shar.es/aWeCfc_https://www.thenewswire.com/press-releases/1knDF9v4Z-kiplin-metals-looks-to-expand-uranium-project-portfolio-athabasca-saskatchewan-canada.html, 1
https://urlzs.com/kj7qF_https://www.abcmoney.co.uk/2022/06/30/hmo-property-investment-services-in-the-uk-what-you-need-to-know/, 1
https://urlzs.com/Fv93y_https://www.abcmoney.co.uk/2022/06/30/a-history-of-successful-partnerships-asian-investment-group-and-capital-management-fund/, 1
https://urlzs.com/d25Da_https://www.abcmoney.co.uk/2022/06/29/can-you-afford-to-be-aggressive-in-your-investments-at-the-age-of-40/, 1
https://rem.ax/3ndSDWX_https://www.westerninvestor.com/british-columbia/real-estate-investment-sales-surge-60-per-cent-in-first-quarter-5512434?rmxv=1656135574, 1
http://shar.es/1a5bqg_https://securitywing.com/digital-certificate-how-works/, 9
http://shar.es/1mKG0w_http://shar.es/1mKG0w, 1
http://mysp.ac/PO5e_URL Loading..., 1
http://shar.es/LQKF0_https://securitywing.com/digital-certificate-how-works/, 1
http://shar.es/L5hM8_http://shar.es/L5hM8, 1
http://shar.es/NZC1Q_http://shar.es/NZC1Q, 1
http://shar.es/PedfJ_https://www.globalknowledge.com/us-en/training/course-catalog/?pageid=3632, 1
http://shar.es/Qzdt1_http://shar.es/Qzdt1, 1
http://shar.es/O2li8_http://shar.es/O2li8, 1
https://shar.es/aorwgn_https://ribboncommunications.com/company/media-center/press-releases/ribbon-sbcs-support-new-branch-survivability-option-microsoft-teams-direct-routing, 1
https://shar.es/aofxUr_https://illionso.com/2020/10/23/microsoft-365-a1-for-education-in-nepal-implementation-plan-benefits/, 1
https://shar.es/aWlrvr_https://softwaredevelopersindia.com/blogs/create-a-peer-to-peer-marketplace-website/, 2
https://shar.es/aWdrpO_https://www.prlog.org/12891686-the-mn-christmas-market-at-union-depot-is-charity-marketplace-featuring-60-local-brands.html, 1
https://rem.ax/3vhUXPD_https://www.cbc.ca/news/canada/marketplace-real-estate-agents-1.6209706?rmxv=1634369379, 1
https://shar.es/aWMpCo_http://www.rmndigital.com/nato-venture-capital-fund-of-1-billion-euros-for-tech-startups/, 1
https://rem.ax/3jkH91E_https://www.rebgv.org/?rmxv=1649409197, 1
https://shar.es/1cwhff_https://shar.es/1cwhff, 1
http://shar.es/KdvOX_http://shar.es/KdvOX, 1
https://urlzs.com/89eLP_https://www.researchgate.net/publication/333524194_Towards_Smart_Sustainable_Cities_A_Review_of_the_Role_Digital_Citizen_Participation_Could_Play_in_Advancing_Social_Sustainability, 1
https://rem.ax/3vvKEJN_https://www.canadianrealestatemagazine.ca/expert-advice/how-to-invest-500k-in-real-estate-335102.aspx?rmxv=1651295604, 1
https://rem.ax/3rUUceR_https://www.mpamag.com/ca/mortgage-industry/market-updates/massive-investment-in-bc-housing-supply-announced/403367?rmxv=1651040401, 1
https://shar.es/1u0bFk_https://www.mon-viti.com/videos/commercialisation/vinomusic-du-vin-et-des-playlists-musicales, 1
https://shar.es/1s94Kr_https://shar.es/1s94Kr, 1
https://shar.es/12KobT_https://www.freshpress.info/magazin/press-kiosk/item/13727-bih-turisti-od-augusta-laganini-kroz-bih, 1
https://shar.es/1rCVct_https://sway.office.com/cIptmkwbyxEdEThd, 1
https://shar.es/1cLG6R_https://shar.es/1cLG6R, 1
https://shar.es/1cY8M7_https://shar.es/1cY8M7, 1
https://shar.es/15VRwr_https://www.packworld.com:443/package-design/interactive-mobile-marketing/rethinking-qr-code, 1
https://shar.es/1LI9rV_https://www.mobihealthnews.com/content/edible-qr-medication-could-help-doctors-prescribe-more-accurately-keep-patients-more, 1
https://shar.es/1NVcpd_https://www.chiefhealthcareexecutive.com/view/an-edible-qr-code-might-advance-precision-medicine?utm_source=twitter&utm_medium=organic_social, 1
https://shar.es/1LTTKL_URL Loading..., 1
http://pxlme.me/X6XthkCb_http://pxlme.me/X6XthkCb, 5
https://shar.es/1Le1XW_https://www.tsemrinpoche.com/tsem-tulku-rinpoche/downloads/buddha-images.html?nggpage=2, 4
https://shar.es/aoCCrP_https://www.newagebd.net/article/127296/paap-punya-receives-uncut-censor-certificate, 1
https://shar.es/aogSM3_https://www.newagebd.net/article/123389/covid-19-certificate-a-must-for-incoming-passengers-from-today, 1
https://shar.es/abTVEF_https://50skyshades.com/news/manufacturer/httpimagesvflruii16032783116917317732010079jpg, 1
https://shar.es/abspnr_https://www.newagebd.net/article/111899/bangladesh-makes-covid-certificate-must-for-departing-foreigners, 1
https://shar.es/abp3m4_https://www.newagebd.net/article/111103/nbr-sues-43-shops-for-not-displaying-vat-certificate, 1
https://3c5.com/iTDDz_https://3c5.com/iTDDz, 1
https://shar.es/1TqCVQ_https://www.tsemrinpoche.com/tsem-tulku-rinpoche/downloads/bring-dorje-shugden-everywhere.html, 1
https://hotm.art/mPNMoRd_https://skillsunkavi.com/cryptogames/?ref=A74612488F, 2
https://shar.es/af7Hbh_https://www.blackstarnews.com/others/extras/worthy-victims-and-unworthy-victims-ethiopias-genocide-in-tigray, 1
https://rem.ax/39VGG4P_https://www.westerninvestor.com/british-columbia/bc-funds-giant-bio-diesel-project-at-burnaby-refinery-5406368?rmxv=1653543478, 1
https://rem.ax/3wPbE69_https://www.westerninvestor.com/british-columbia/work-underway-on-capital-projects-across-saskatchewan-5390054?rmxv=1653457094, 1
https://shar.es/af0rZF_https://50skyshades.com/news/airports-routes/london-oxford-airport-continues-investment-in-infrastructure-to-harmonize-light-ga-commercial-bizav-grow, 1
https://shar.es/aox5Et_http://www.childrensbookswithlifelessons.com/download/, 1
http://shar.es/1fVixy_https://www.mauroparolini.it/italian/leggi-news/1194/arriva-nei-mercati-il-qrcode-per-gli-ambulanti-controlli-delle-autorizzazioni-anche-via-smartphone, 1
http://shar.es/1fdOcj_http://shar.es/1fdOcj, 1
http://shar.es/1WZECI_https://blog.allstream.com/what-canadian-mobile-shoppers-dont-do-yet/, 1
http://shar.es/1WosuW_http://shar.es/1WosuW, 1
http://shar.es/1onYZ_http://shar.es/1onYZ, 1
http://shar.es/1bfjJN_https://ann-katrin.de/article/54/TEILEN-PER-QR-CODE, 1
http://shar.es/1HppqL_http://shar.es/1HppqL, 1
http://shar.es/1HnY24_URL Loading..., 1
http://shar.es/13RDD4_http://shar.es/13RDD4, 1
http://shar.es/13UDKw_http://shar.es/13UDKw, 1
http://shar.es/13Go4S_http://shar.es/13Go4S, 1
http://shar.es/106MyI_http://shar.es/106MyI, 1
http://shar.es/10vycQ_http://shar.es/10vycQ, 1
http://shar.es/10ndd7_http://shar.es/10ndd7, 1
http://shar.es/1mj3Fx_http://shar.es/1mj3Fx, 1
http://shar.es/1aRYyH_URL Loading..., 1
http://shar.es/118xEh_http://ww1.downloadtyphoon.com/?sub1=22db3a44-3893-11ed-b175-ae59adf8df34, 1
http://shar.es/117vX0_https://www.dontwasteyourtime.co.uk/qr-codes/qr-codes-from-goo-gl/, 1
http://shar.es/11op4x_https://www.top4download.com/qr-and-bar-code-scanner-ios-/zjtcrpwc.html, 1
http://shar.es/11og8s_https://www.top4download.com/qr-and-bar-code-scanner-android-/walvjpbd.html, 1
https://shar.es/aW45k8_https://www.unicef.org/reports/state-worlds-children-2021, 1
https://shar.es/aWcQTv_https://www.bnnvara.nl/joop/artikelen/wat-is-er-nou-zo-ingewikkeld-aan-de-coronacheck, 1
https://urlzs.com/X6SZs_https://www.microteklearning.com/pdf/master-training-and-certification-converted.pdf, 1
http://shar.es/7Gb1J_http://shar.es/7Gb1J, 1
http://shar.es/q7Cgx_http://shar.es/q7Cgx, 1
http://shar.es/r9Wwt_http://shar.es/r9Wwt, 1
http://shar.es/p5zUH_http://shar.es/p5zUH, 1
http://shar.es/WB1dK_https://crooksandliars.com/karoli/president-obama-sends-betty-white-90th-birt, 1
http://shar.es/omDMR_http://shar.es/omDMR, 1
https://pxlme.me/m0mI3l78_https://pxlme.me/m0mI3l78, 8
http://shar.es/14jN0Z_URL Loading..., 30
https://shar.es/anVdWu_https://www.tsemrinpoche.com/tsem-tulku-rinpoche/great-lamas-masters/the-jolenpa-bodhisattva-gen-nyima.html, 1
https://shar.es/aWtQfW_https://www.24-7pressrelease.com/press-release/484279/ezdia-launches-ezoptimizer-an-innovative-data-driven-platform-for-ecommerce-channel-optimization-at-retailx-conference, 1
https://shar.es/aWbfgr_https://www2.staffingindustry.com/row/Editorial/Daily-News/Australia-Airtasker-full-year-and-Q4-marketplace-performance-exceeds-forecast-58254, 1
https://koji.to/WakuRadio_https://withkoji.com/@WakuRadio, 1
https://shar.es/a15DUI_https://www.classifiedads.com/tech_services/2b354xqw91628, 1
http://newcastle.com.pk/_URL Loading..., 1
https://shar.es/14jN0Z_URL Loading..., 1
https://pxlme.me/-Gq9wa4L_https://www.pixelme.me/phishing?url=https://drum.io/BENDELI, 1
https://shar.es/aHhyui_https://www.metalorgie.com/news/148113_Poesie-Zero-met-7-Go-de-pistes-separees-de-sa-discographie-en-telechargement-gratuit-si-vous, 1
https://shar.es/aWSsiT_https://pulse.ncpolicywatch.org/2022/03/22/caswell-county-judge-dismisses-mining-company-lawsuit-against-residents-citing-free-speech/, 1
https://shar.es/afbl56_https://alpha-week.com/bridging-family-office-generations-through-impact, 1
https://shar.es/afHcBV_https://www.mobihealthnews.com/news/after-giant-funding-year-whats-next-health-tech-investment, 1
https://shar.es/afHc8E_http://www.jordantimes.com/news/local/mena-europe-future-energy-dialogue-calls-more-investment-renewable-energy, 1
https://rem.ax/3tunMZz_https://www.westerninvestor.com/done-deals/sherwood-park-29878-sqft-retail-centre-fetches-725-million-5463737?rmxv=1654836731, 1
https://rem.ax/3xexjoQ_https://www.mpamag.com/ca/news/general/atrium-mic-announces-june-2022-dividend/408847?rmxv=1654744417, 1
http://ethbw.net_http://ethbw.net/, 1
https://shar.es/aWxPAs_https://www.thenewswire.com/press-releases/1kogF0Xrm-trench-metals-receives-2021-exploration-program-results-at-gorilla-lake-uranium-project-athabasca-saskatchewan-canada.html, 1
http://click.revue.email/ss/c/41iAGPJjZJOWpePAl2nuCFCYevCoznZ0Vw7x0UPCF_icO9M0FW_7ewhBlrLyRrA-ALh9TyuU3X8XG9z4yVv-vB6RmmqjaZwugMPb722JDqtzBFPZUCLoFaMeAzLXnTWMoeKiV0p6vYLqGbA4BPTnFPHPO2-a_efNSVL8kXmbq5VEJCBO8wPJEJg6rVCoNcB6FododjcU0StxTmXdlznyr_We6boPvYrQjUhJd3Nd2ao/3hc/xe01074qRu6wia3KNPWgLg/h21/UmWMsMYq8ySfPCVMKE-_MnXuPtZGb1FpLdt6SEW_H6o_https://www.bbc.co.uk/news/world-europe-59421319?utm_campaign=Carbon%20Brief%20Daily%20Briefing&utm_content=20211126&utm_medium=email&utm_source=Revue%20Daily, 1
https://shar.es/1M3ke0_https://www.classifiedads.com/music_records_cds/5f2dl0ctw12w6#sthash.oc1o6H2c.uxfs, 1
https://shar.es/1PxeNR_https://x-caladepromotionz.bandcamp.com/, 4
https://shar.es/1P55pf_https://blog.tshirt-factory.com/20-free-illustrations-you-wont-believe-are-free.html#sthash.K4v0QU5p.uxfs, 1
https://shar.es/afsmZs_https://letmeinform.in/all-finance-services/federal-bank-opens-seven-more-branches-in-tamil-nadu.html, 1
https://shar.es/afqQHT_https://www.century21global.com, 1
https://urlzs.com/KXL7e_https://businesscheshire.co.uk/2022/08/18/how-can-you-create-a-secondary-income/, 1
https://rem.ax/RenovationTrends_https://blog.remax.ca/canadian-real-estate-renovation-trends/, 1
https://shar.es/afm5Fe_https://unctad.org/news/how-digital-multinationals-are-transforming-global-trade-and-investment, 1
http://click.revue.email/ss/c/41iAGPJjZJOWpePAl2nuCBNOHIGseOWWCUeLCZXtqM9QEoxko4XPEtq_01mlmkM8A8-ViJuCJbhH7Plgj_U4KzI3dNwKuQlm1Crhugm-sztdmR0rlmmcY0Jsbfkw_tZpkjSl7N0ngMJAmPxOjLDiu2rWIcBtAtcIp2ZAG0hN-ucKH72yqw1gDBqVgOn7dCReb81akbEqUpRCzYqFcuPUP5gipPd4pg1R_xIMpJAoACgY6BJ6lJc8x6gPIeRsGMBS/3m3/nWVmKfNrRqq6er9ap6rfSA/h20/hxEadJQjYn3_1QchQtExEYHer4rvc6R75kZw2FdOwqM_https://www.independent.co.uk/climate-change/uk-net-zero-budget-b2078368.html?utm_campaign=Daily%20Briefing&utm_content=20220516&utm_medium=email&utm_source=Revue%20newsletter, 1
https://shar.es/afaDDO_https://www.legalserviceindia.com/legal/article-8414-evolution-of-general-insurance-in-india.html, 1
https://rem.ax/3l6BPzT_https://www.westerninvestor.com/british-columbia/manitoba-invests-more-than-1-million-in-mineral-exploration-5358851?rmxv=1652421167, 1
https://www.surveyrock.com/blog/distribute-your-survey-with-a-qr-code/_https://www.surveyrock.com/blog/distribute-your-survey-with-a-qr-code/, 1
https://shar.es/abvMZ8_https://www.imnovation-hub.com/es/ciencia-y-tecnologia/inteligencia-artificial-energia-solar-barco-autonomo/, 2
https://shar.es/1VJxsl_https://e.jang.com.pk/09-28-2017/lahore/pic.asp?picname=181.gif, 1
https://shar.es/1QeAJy_https://pcdn.global/opportunities/topic/call-for-applications-full-funding-for-rotary-peace-fellowships/, 1
https://shar.es/1UnJox_http://www.techdivine.com/tdblog/2017/01/certificate-program-in-global-sales-and-marketing-traditional-and-digital/, 2
https://shar.es/198PL9_http://www.techdivine.com/tdblog/2017/01/certificate-program-in-global-sales-and-marketing-traditional-and-digital/, 1
https://shar.es/19ctdk_http://www.techdivine.com/tdblog/2017/01/certificate-program-in-global-sales-and-marketing-traditional-and-digital/, 1
https://shar.es/19ufG5_http://www.techdivine.com/tdblog/2017/01/certificate-program-in-global-sales-and-marketing-traditional-and-digital/, 1
https://shar.es/1OQc5t_http://www.techdivine.com/tdblog/2017/01/certificate-program-in-global-sales-and-marketing-traditional-and-digital/, 3
https://shar.es/1IWUyb_https://www.sooperarticles.com/health-fitness-articles/first-aid-articles/perks-owning-certificate-first-aid-1533297.html, 1
https://shar.es/aWNFB5_https://www.netnewsledger.com/2022/04/12/ontario-ranked-12th-in-fraser-institute-mining-report/, 1
https://shar.es/afvZ2P_https://businessandfinance.com/news/enterprise-ireland-named-as-europes-most-active-domestic-vc-investor/, 1
http://bit.ly/1ABJyYX_http://shar.es/L6Nj8, 1
http://shar.es/NLBi0_http://shar.es/NLBi0, 1
http://shar.es/Ntq3r_http://barcode.com/201407103086/qr-code-development-team-wins-inventor-award.html#sthash.p67IYBS4.9rFKnUUI.uxfs, 1
http://shar.es/MyDH8_http://shar.es/MyDH8, 1
http://shar.es/M4s3H_https://nova.ilsole24ore.com/esperienze/assegnati-gli-oscar-dellinnovazionee-della-tecnologia/, 1
http://shar.es/MhLpb_http://shar.es/MhLpb, 1
http://shar.es/MGYO2_https://www.varinsights.com/doc/the-bar-code-turns-0001, 2
http://shar.es/MHCNh_https://toucharcade.com, 1
http://shar.es/V8V4v_http://shar.es/V8V4v, 1
http://shar.es/VEMyr_http://shar.es/VEMyr, 1
http://shar.es/V7pmA_https://www.crunchbase.com/organization/mapyourtag, 1
http://shar.es/V7gCm_https://www.crunchbase.com/organization/mapyourtag, 1
http://shar.es/Se1Qr_http://shar.es/Se1Qr, 1
http://shar.es/SbB9Z_http://shar.es/SbB9Z, 1
http://shar.es/TFSD9_https://cedricc.be, 1
http://shar.es/B9JCm_http://shar.es/B9JCm, 2
http://shar.es/B3mCb_http://shar.es/B3mCb, 1
http://shar.es/RdpVx_https://www.educatorstechnology.com/2013/06/a-handy-visual-on-how-teachers-can.html, 1
http://shar.es/Fl6xJ_https://pointofsale.com/qr-codes-best-business-practices/, 1
http://shar.es/F3OKq_http://shar.es/F3OKq, 1
http://shar.es/Qiuwe_http://shar.es/Qiuwe, 1
http://shar.es/Qivmb_http://shar.es/Qivmb, 1
http://shar.es/QYu0x_http://shar.es/QYu0x, 1
http://shar.es/UEM2u_https://mobilemarketingwelt.com/2014/01/24/digital-communication-vier-szenarien-fuer-marketing-pr-und-vertrieb/, 1
http://shar.es/UYwmJ_https://visual.ly/community/Infographics/technology/qr-code-usage-statistics, 1
https://shar.es/aWXiG2_https://www.classifiedads.com/financial_services/d54xb11lq3522, 1
https://shar.es/aW0fF3_https://www.classifiedads.com/financial_services/b8bczjs2n34f4, 1
https://shar.es/1jaAnB_URL Loading..., 1
https://shar.es/1hXxDS_https://shar.es/1hXxDS, 1
https://shar.es/1cCue4_https://shar.es/1cCue4, 1
https://shar.es/1chtQ0_https://shar.es/1chtQ0, 1
https://shar.es/1urQvo_https://shar.es/1urQvo, 1
https://urlzs.com/UThF6_https://www.microteklearning.com/microsoft/office-365/ms-030t00-office-365-administrator-training/, 1
https://shar.es/a3z6sZ_https://webtargetedtraffic.com/, 2
https://shar.es/abaOym_https://real-support-firmware.com/cgi-sys/suspendedpage.cgi?a=downloads&b=file&id=273144, 1
https://shar.es/1tXhyt_https://shar.es/1tXhyt, 1
http://shar.es/1fHTIB_http://shar.es/1fHTIB, 1
http://shar.es/1ogJOy_http://www.vanguardngr.com/2015/02/certificate-controversy-dent-nigeria-not-buhari-momah/#sthash.CQYeHVRJ.uxfs, 1
http://shar.es/13sJbN_http://shar.es/13sJbN, 1
http://hotm.art/4BMb3J_https://criptogamesmonetizatusnfts.club.hotmart.com/signup?ref=A74612488F, 1
https://shar.es/a1kO3T_https://www.tsemrinpoche.com/tsem-tulku-rinpoche/me/tsem-rinpoches-heritage-in-china.html, 1
https://shar.es/a14Olg_https://www.tsemrinpoche.com/tsem-tulku-rinpoche/downloads/bring-dorje-shugden-everywhere.html, 1
https://shar.es/aWYQcQ_http://www.childrensbookswithlifelessons.com/download/, 1
https://shar.es/aW2VgT_http://www.childrensbookswithlifelessons.com/download/, 1
https://shar.es/aWrQxX_http://www.childrensbookswithlifelessons.com/download/, 1
https://urlzs.com/CKn3K_https://play.google.com/store/apps/details?id=com.foloosi.customer&hl=en_IN, 1
https://shar.es/1Vp86q_https://x-caladepromotionz.bandcamp.com/, 1
https://shar.es/14KWYA_https://www.averydennison.com/en/home/newsroom.html, 1
https://shar.es/1LoUKf_https://blog.tshirt-factory.com/free-watercolor-flowers.html#sthash.ysfMUbl8.uxfs, 1
https://shar.es/1LXhbo_https://coast2coastmixtapes.com/mixtapes/mixtapedetail.aspx/coast-2-coast-mixtape-reggae-edition-vol-15?submissionid=879712, 1
https://hotm.art/k6DWQ1_https://pay.hotmart.com/C66697986X?off=sa05lx99&ref=A74612488F, 1
https://shar.es/af2Mis_https://www.whyafrica.co.za/africa-will-prosper-with-more-africa-to-africa-business/, 1
https://shar.es/af2jqF_https://panelpicker.sxsw.com/vote/127449, 1
https://shar.es/affE6I_https://www.cpacanada.ca/en/news/pivot-magazine/qr-code, 1
https://www.abcsubmit.com/site/free-qr-code-maker-with-logo-in-the-middle/_https://abcsubmit.com/site/free-qr-code-maker-with-logo-in-the-middle/, 1
https://shar.es/af0IYL_https://www.photocopiables.com/resources/subject-pronouns-consolidation-quiz, 1
https://shar.es/af0uWO_https://www.photocopiables.com/resources/first-conditionals-consolidation-worksheet, 1
https://shar.es/a3bZn1_http://www.insideid.co.uk/news/casalgrande-padana-brings-solid-style-to-stoneware.aspx, 1
https://shar.es/aW1Apf_https://mastermarketingdigital.org/el-90-de-los-consumidores-online-compra-en-amazon/, 1
https://shar.es/ao9bTZ_https://www.thenewswire.com/press-releases/1LYzFQ5wE-the-art-of-teaswap-aiming-to-be-the-next-rarible-on-the-binance-smart-chain-is-launching-a-new-cross-chain-fine-art-nft-marketplace.html, 1
https://shar.es/1V0Fh2_https://www.nederlandsmedianieuws.nl/columns/Column-Erwin-Fisser-QR-Code-De-Cadel-Evans-van-de-tech/, 1
https://pxlme.me/NbVj2_IY_https://www.frenchweb.fr/comment-le-qr-code-bouleverse-les-habitudes-des-consommateurs-chinois/294079, 6
https://shar.es/1FFOYa_http://www.hypebot.com/hypebot/2017/05/spotify-attempts-a-qr-code-comeback.html, 1
https://shar.es/1FJDUf_https://www.socialmediatoday.com/social-business/facebook-testing-new-qr-code-system-link-online-efforts-offline-sales, 1
https://shar.es/19AxeU_https://www.csnews.com/node/95651, 1
https://shar.es/19uClq_https://www.secureidnews.com/news-item/iris-biometrics-and-face-recognition-merge-in-tascents-new-sleek-unit/, 1
https://urlzs.com/7KABQ_https://www.abcmoney.co.uk/2022/07/20/real-estate-sustainability-trends-to-watch-for-in-2022-according-to-alexander-studhalter/, 1
https://urlzs.com/bPYte_https://sitestatschecker.com/r?l=https://www.abcmoney.co.uk/2022/07/15/when-do-i-really-start-investing-the-bottom-line-and-the-gold-ira/, 1
https://shar.es/1wEnoJ_https://www.malaymail.com/tech-gadgets/article/internet-of-things-to-change-retail-and-payment, 1
http://clk.im/QRcode_URL Loading..., 2
https://shar.es/1lslsQ_https://www.educatorstechnology.com/2016/07/teachers-guide-to-using-qr-codes-in.html, 1
https://shar.es/af1A9q_https://www.whyafrica.co.za/namibias-mining-sector-stable-and-mature/, 1
https://rem.ax/3jyXHDe_https://www.westerninvestor.com/british-columbia/federal-budget-gives-development-groups-little-to-cheer-5248519?utm_source=Western+Investor+Newsletter&utm_campaign=ac4aeb13ab-EMAIL_CAMPAIGN_2018_01_03_COPY_01&utm_medium=email&utm_term=0_9b89d35e1e-ac4aeb13ab-96539009&rmxv=1649825320, 1
https://urlzs.com/T8dey_https://www.abcmoney.co.uk/2022/07/06/data-reveals-the-best-luxury-watches-to-invest-in/, 1
http://shar.es/Hrz6y_http://shar.es/Hrz6y, 1
http://shar.es/3Gu1O_https://www.restaurant.com/rdc/the-red-clover-inn-mendon-american-restaurant-rid=411611, 1
https://hotm.art/SalesManagerFI_https://lp.formacioneninversion.com/academia?ref=N42247888O, 1
https://dapp.busta.gg/referralLanding/ZDYxMDBjZDAtMWE5OC0xMWVjLWE0OTYtMzk3OTAzYjFjNTU1_https://dapp.busta.gg/referralLanding/ZDYxMDBjZDAtMWE5OC0xMWVjLWE0OTYtMzk3OTAzYjFjNTU1, 1
https://tinyurl.com/rs7eemmh_https://app.1inch.io/, 1
http://shar.es/Y0O1r_http://shar.es/Y0O1r, 3
http://shar.es/GTlHy_URL Loading..., 9
http://shar.es/j2o8b_URL Loading..., 1
http://shar.es/YMdXg_http://shar.es/YMdXg, 1
http://shar.es/YCj8K_http://digitalartsonline.co.uk/news/interactive-design/japanese-ad-platform-offers-simpler-better-qr-code-alternative/, 1
http://shar.es/Y4avW_http://shar.es/Y4avW, 1
http://shar.es/YsEJQ_URL Loading..., 1
http://shar.es/YoX1v_http://shar.es/YoX1v, 2
https://shar.es/aWUE3R_https://msdynamicsworld.com/story/event-preview-microsoft-365-conference-adds-dynamics-365-power-platform-tracks, 1
