shar.es_pulse.ncpolicywatch.org, 2
shar.es_www.foodots.jp, 49
3c5.com_3c5.com, 5
shar.es_www.tsemrinpoche.com, 10
rem.ax_www.mpamag.com, 3
urlzs.com_www.reportsanddata.com, 2
shar.es_softwaredevelopersindia.com, 3
shar.es_shar.es, 95
shar.es_www.techadvisor.com, 1
shar.es_barcode.com, 3
shar.es_www.ideo-compo.com, 1
bit.ly_shar.es, 7
kaywa.me_www.amway.it, 1
shar.es_www.dekh.com, 2
hotm.art_criptogamesmonetizatusnfts.club.hotmart.com, 2
2dr.eu_2dr.eu, 6
shar.es_ohgizmo.com, 1
tinylink.net_tinylink.net, 1
koji.to_withkoji.com, 2
shar.es_www.networkworld.com, 1
3c5.com_medium.com, 1
hotm.art_www.agusdeanchorena.com, 1
hotm.art_static.hotmart.com, 1
shar.es_www.thenewswire.com, 4
mub.me_iqmining.com, 1
urlzs.com_www.abcmoney.co.uk, 5
rem.ax_www.westerninvestor.com, 6
shar.es_securitywing.com, 10
mysp.ac_, 1
shar.es_www.globalknowledge.com, 1
shar.es_ribboncommunications.com, 1
shar.es_illionso.com, 1
shar.es_www.prlog.org, 1
rem.ax_www.cbc.ca, 1
shar.es_www.rmndigital.com, 1
rem.ax_www.rebgv.org, 1
urlzs.com_www.researchgate.net, 1
rem.ax_www.canadianrealestatemagazine.ca, 1
shar.es_www.mon-viti.com, 1
shar.es_www.freshpress.info, 1
shar.es_sway.office.com, 1
shar.es_www.packworld.com:443, 1
shar.es_www.mobihealthnews.com, 2
shar.es_www.chiefhealthcareexecutive.com, 1
shar.es_, 46
pxlme.me_pxlme.me, 13
shar.es_www.newagebd.net, 4
shar.es_50skyshades.com, 2
hotm.art_skillsunkavi.com, 2
shar.es_www.blackstarnews.com, 1
shar.es_www.childrensbookswithlifelessons.com, 4
shar.es_www.mauroparolini.it, 1
shar.es_blog.allstream.com, 1
shar.es_ann-katrin.de, 1
shar.es_ww1.downloadtyphoon.com, 1
shar.es_www.dontwasteyourtime.co.uk, 1
shar.es_www.top4download.com, 2
shar.es_www.unicef.org, 1
shar.es_www.bnnvara.nl, 1
urlzs.com_www.microteklearning.com, 2
shar.es_crooksandliars.com, 1
shar.es_www.24-7pressrelease.com, 1
shar.es_www2.staffingindustry.com, 1
shar.es_www.classifiedads.com, 4
newcastle.com.pk_, 1
pxlme.me_www.pixelme.me, 1
shar.es_www.metalorgie.com, 1
shar.es_alpha-week.com, 1
shar.es_www.jordantimes.com, 1
ethbw.net_ethbw.net, 1
click.revue.email_www.bbc.co.uk, 1
shar.es_x-caladepromotionz.bandcamp.com, 5
shar.es_blog.tshirt-factory.com, 2
shar.es_letmeinform.in, 1
shar.es_www.century21global.com, 1
urlzs.com_businesscheshire.co.uk, 1
rem.ax_blog.remax.ca, 1
shar.es_unctad.org, 1
click.revue.email_www.independent.co.uk, 1
shar.es_www.legalserviceindia.com, 1
www.surveyrock.com_www.surveyrock.com, 1
shar.es_www.imnovation-hub.com, 2
shar.es_e.jang.com.pk, 1
shar.es_pcdn.global, 1
shar.es_www.techdivine.com, 8
shar.es_www.sooperarticles.com, 1
shar.es_www.netnewsledger.com, 1
shar.es_businessandfinance.com, 1
shar.es_nova.ilsole24ore.com, 1
shar.es_www.varinsights.com, 2
shar.es_toucharcade.com, 1
shar.es_www.crunchbase.com, 2
shar.es_cedricc.be, 1
shar.es_www.educatorstechnology.com, 2
shar.es_pointofsale.com, 1
shar.es_mobilemarketingwelt.com, 1
shar.es_visual.ly, 1
shar.es_webtargetedtraffic.com, 2
shar.es_real-support-firmware.com, 1
shar.es_www.vanguardngr.com, 1
urlzs.com_play.google.com, 1
shar.es_www.averydennison.com, 1
shar.es_coast2coastmixtapes.com, 1
hotm.art_pay.hotmart.com, 1
shar.es_www.whyafrica.co.za, 2
shar.es_panelpicker.sxsw.com, 1
shar.es_www.cpacanada.ca, 1
www.abcsubmit.com_abcsubmit.com, 1
shar.es_www.photocopiables.com, 2
shar.es_www.insideid.co.uk, 1
shar.es_mastermarketingdigital.org, 1
shar.es_www.nederlandsmedianieuws.nl, 1
pxlme.me_www.frenchweb.fr, 6
shar.es_www.hypebot.com, 1
shar.es_www.socialmediatoday.com, 1
shar.es_www.csnews.com, 1
shar.es_www.secureidnews.com, 1
urlzs.com_sitestatschecker.com, 1
shar.es_www.malaymail.com, 1
clk.im_, 2
shar.es_www.restaurant.com, 1
hotm.art_lp.formacioneninversion.com, 1
dapp.busta.gg_dapp.busta.gg, 1
tinyurl.com_app.1inch.io, 1
shar.es_digitalartsonline.co.uk, 1
shar.es_msdynamicsworld.com, 1
